ID,Country,AncientComponent1,AncientComponent2,AncientComponent3,AncientComponent4,AncientComponent5,ModernComponent1,ModernComponent2,ModernComponent3,DateBP
12885A,UnitedKingdom,0.005,0,0,0,0,0,0.995,0,1165
NO3423,UnitedKingdom,0.126,0.101,0.007,0.089,0.025,0.032,0.613,0.005,1170
RISE568,CzechRepublic,0,0,0.011,0.067,0.228,0.014,0.672,0.008,1200
12881A,UnitedKingdom,0.044,0.061,0.04,0.052,0,0.007,0.77,0.025,1232
RISE569,CzechRepublic,0,0.06,0.077,0.042,0,0.038,0.774,0.009,1235
12883A,UnitedKingdom,0.006,0.001,0.018,0.022,0,0.001,0.943,0.008,1247
SZ43,Hungary,0,0,0,0,0,0,1,0,1415
RISE174,Sweden,0.17,0.155,0.008,0.113,0.021,0.097,0.428,0.01,1431
15558A,UnitedKingdom,0.002,0.001,0.003,0,0,0.003,0.991,0,1455
15577A,UnitedKingdom,0,0,0.005,0.007,0,0.003,0.981,0.004,1478
15570A,UnitedKingdom,0,0,0.006,0,0,0.003,0.99,0.001,1483
15569A,UnitedKingdom,0.021,0.032,0.032,0.055,0.009,0.004,0.815,0.033,1490
3DRIF16,UnitedKingdom,0.119,0.091,0.005,0.076,0.037,0.031,0.622,0.019,1700
3DRIF26,UnitedKingdom,0.256,0.033,0.054,0.016,0.018,0.093,0.496,0.033,1700
6DRIF18,UnitedKingdom,0.107,0.091,0.024,0.076,0.033,0.026,0.642,0.002,1700
6DRIF21,UnitedKingdom,0.096,0.115,0.032,0.073,0.012,0.03,0.633,0.01,1700
6DRIF22,UnitedKingdom,0.133,0.102,0.017,0.072,0.022,0.027,0.616,0.011,1700
6DRIF23,UnitedKingdom,0.111,0.125,0.008,0.058,0.016,0.023,0.643,0.015,1700
6DRIF3,UnitedKingdom,0.097,0.122,0.026,0.084,0.015,0.027,0.618,0.011,1700
12884A,UnitedKingdom,0.003,0,0.019,0.001,0.001,0.001,0.969,0.006,1995
12880A,UnitedKingdom,0,0.001,0,0.01,0.002,0.002,0.984,0,2017
M1489,UnitedKingdom,0.116,0.118,0.028,0.092,0.017,0.034,0.586,0.01,2035
15579A,UnitedKingdom,0,0,0,0.018,0,0.004,0.978,0,2155
I0247,Russia,0.009,0.401,0.182,0.023,0,0.002,0.293,0.09,2239
I0562,Kazakhstan,0.031,0.174,0.055,0.051,0,0.018,0.252,0.419,2250
I0563,Kazakhstan,0.029,0.162,0.052,0.044,0.003,0.017,0.208,0.487,2250
I0574,Russia,0.069,0.213,0.083,0.064,0.046,0.02,0.407,0.097,2250
I0575,Russia,0.07,0.248,0.057,0.075,0.013,0.01,0.429,0.099,2250
Kivutkalns194,Latvia,0.16,0.151,0.01,0.161,0.022,0.023,0.466,0.008,2268
I5769,Bulgaria,0.365,0.082,0.015,0.022,0.019,0.014,0.464,0.02,2400
Kivutkalns19,Latvia,0.139,0.169,0.014,0.162,0.034,0.017,0.455,0.009,2515
Kivutkalns222,Latvia,0.123,0.151,0.038,0.179,0.029,0.024,0.454,0.002,2523
Kivutkalns215,Latvia,0.112,0.159,0.022,0.147,0.021,0.016,0.51,0.013,2543
I0576,Russia,0,0.194,0.052,0.045,0.013,0.022,0.258,0.416,2550
I0577,Russia,0.069,0.241,0.064,0.083,0,0.008,0.304,0.232,2550
Kivutkalns209,Latvia,0.131,0.161,0.025,0.162,0.027,0.027,0.457,0.01,2610
Kivutkalns207,Latvia,0.118,0.154,0.043,0.166,0.036,0.018,0.466,0,2613
RISE276,Denmark,0,0,0.019,0,0.422,0.01,0.548,0,2621
Kivutkalns153,Latvia,0.18,0.2,0.012,0.156,0.028,0.011,0.398,0.014,2623
Kivutkalns25,Latvia,0.124,0.131,0.022,0.168,0.04,0.016,0.482,0.016,2623
Kivutkalns42,Latvia,0.139,0.178,0.024,0.181,0.029,0.011,0.433,0.006,2635
IS2,Kazakhstan,0.007,0.156,0.094,0.064,0.016,0.032,0.408,0.223,2700
Ze6b,Kazakhstan,0.047,0.133,0.015,0.035,0.021,0.071,0.287,0.391,2700
I3313,Croatia,0.295,0.126,0.017,0.045,0.001,0.015,0.483,0.017,2733
I2859,UnitedKingdom,0.168,0.188,0.03,0.077,0.002,0.009,0.515,0.012,2810
Turlojiske1,Lithuania,0.134,0.134,0,0.15,0.072,0.012,0.476,0.022,2820
I2860,UnitedKingdom,0.172,0.171,0.009,0.09,0.011,0.016,0.524,0.007,2842
F38,Iran,0.179,0.093,0.108,0.008,0.031,0.052,0.481,0.048,2852
I2861,UnitedKingdom,0.18,0.141,0.041,0.086,0.036,0.02,0.488,0.008,2852
I3130,UnitedKingdom,0.164,0.168,0.046,0.097,0.023,0.017,0.481,0.005,2853
IR1,Hungary,0.074,0.473,0,0,0,0.009,0.37,0.074,2855
Turlojiske3,Lithuania,0.126,0.156,0.027,0.132,0.015,0.015,0.507,0.022,2855
RISE397,Armenia,0.018,0.034,0.446,0.023,0.034,0.036,0.381,0.029,2902
I5383,UnitedKingdom,0.155,0.194,0.037,0.089,0.024,0.012,0.469,0.019,2945
RISE407,Armenia,0.01,0.161,0.544,0.032,0.011,0.005,0.238,0,2955
RISE396,Armenia,0.082,0,0.402,0,0.049,0.01,0.407,0.05,3015
RISE412,Armenia,0,0.244,0.541,0,0,0,0.209,0.006,3019
I0099,Germany,0.105,0.008,0.024,0.058,0.289,0.014,0.483,0.019,3036
I7628,UnitedKingdom,0.204,0.178,0.026,0.095,0.017,0.016,0.46,0.004,3043
I7576,UnitedKingdom,0.207,0.138,0.006,0.085,0.023,0.015,0.509,0.017,3055
RISE408,Armenia,0.118,0.074,0.289,0,0.081,0.032,0.379,0.028,3059
I7578,UnitedKingdom,0.17,0.145,0.036,0.095,0.038,0.01,0.499,0.007,3069
I7580,UnitedKingdom,0.17,0.175,0.032,0.102,0.023,0.014,0.475,0.009,3087
I7575,UnitedKingdom,0.171,0.175,0.032,0.095,0.019,0.015,0.478,0.016,3103
I1504,Hungary,0.33,0.185,0,0.164,0.007,0.01,0.295,0.009,3174
I7577,UnitedKingdom,0.192,0.152,0.024,0.113,0.038,0.015,0.453,0.013,3205
I7626,UnitedKingdom,0.165,0.145,0.043,0.096,0.016,0.015,0.507,0.012,3213
RISE175,Sweden,0.035,0.136,0,0,0.006,0.039,0.784,0,3214
RISE423,Armenia,0,0.037,0.667,0,0.172,0,0.124,0,3257
I7627,UnitedKingdom,0.179,0.143,0.029,0.099,0.027,0.009,0.499,0.016,3266
I7574,UnitedKingdom,0.159,0.159,0.031,0.111,0.038,0.011,0.486,0.005,3268
I9006,Greece,0.355,0.096,0.014,0.009,0.007,0.024,0.476,0.02,3287
RISE496,Russia,0.131,0.248,0.035,0.102,0.022,0.088,0.229,0.145,3288
I9033,Greece,0.358,0.058,0.028,0.009,0.019,0.039,0.462,0.027,3298
I7571,UnitedKingdom,0.144,0.173,0.023,0.092,0.026,0.012,0.511,0.019,3304
I7640,UnitedKingdom,0.162,0.164,0.036,0.104,0.021,0.008,0.503,0.002,3306
I2655,UnitedKingdom,0.202,0.138,0.009,0.083,0.033,0.013,0.511,0.012,3307
RISE210,Sweden,0.077,0,0,0.212,0.053,0.061,0.597,0,3312
RISE512,Russia,0.038,0.303,0.039,0.064,0.006,0.042,0.355,0.153,3322
I2458,UnitedKingdom,0.203,0.149,0.022,0.097,0.018,0.015,0.489,0.008,3340
I7579,UnitedKingdom,0.16,0.199,0.037,0.102,0.018,0.015,0.461,0.008,3348
I2653,UnitedKingdom,0.16,0.134,0.021,0.104,0.033,0.016,0.532,0,3350
I2654,UnitedKingdom,0.135,0.171,0.042,0.106,0.028,0.011,0.489,0.018,3350
I2573,UnitedKingdom,0.202,0.174,0.01,0.091,0.006,0.008,0.487,0.02,3351
RISE502,Russia,0.137,0.253,0.025,0.106,0.031,0.066,0.139,0.243,3351
I7572,UnitedKingdom,0.202,0.175,0.003,0.1,0.006,0.013,0.475,0.026,3356
RISE47,Denmark,0.04,0.007,0.037,0.137,0.209,0.053,0.486,0.031,3362
I3082,UnitedKingdom,0.159,0.121,0.034,0.089,0.019,0.017,0.546,0.014,3396
I7568,UnitedKingdom,0.166,0.203,0.02,0.089,0.005,0.013,0.49,0.014,3400
I9010,Greece,0.407,0.064,0.004,0.027,0.009,0.025,0.439,0.025,3400
I9041,Greece,0.315,0.066,0.011,0.015,0.013,0.02,0.539,0.022,3400
I1656,Armenia,0.041,0,0.556,0,0.228,0,0.175,0,3402
RISE493,Russia,0.085,0.228,0.047,0.084,0.008,0.136,0.177,0.235,3429
RISE523,Russia,0.132,0.264,0.04,0.107,0.015,0.083,0.257,0.102,3448
I2639,UnitedKingdom,0.159,0.179,0.056,0.08,0.026,0.008,0.481,0.011,3465
I0232,Russia,0.029,0.354,0.005,0.015,0,0.007,0.587,0.003,3475
I0359,Russia,0.043,0.308,0.06,0.028,0,0.006,0.554,0,3475
I0360,Russia,0.038,0.962,0,0,0,0,0,0,3475
I0361,Russia,0.022,0.391,0.098,0.069,0,0.021,0.38,0.019,3475
I0422,Russia,0.021,0.542,0,0.014,0,0,0.422,0,3475
I0423,Russia,0.008,0.332,0.03,0.016,0.006,0.012,0.596,0,3475
RISE416,Armenia,0,0,1,0,0,0,0,0,3494
I4332,Croatia,0.308,0.102,0.004,0.052,0.01,0.017,0.491,0.016,3516
I7573,UnitedKingdom,0.168,0.171,0.035,0.092,0.051,0.016,0.456,0.011,3525
I4331,Croatia,0.298,0.115,0.006,0.041,0.012,0.016,0.498,0.013,3526
RISE480,Hungary,0.079,0.05,0.014,0.07,0,0.036,0.735,0.016,3550
RISE500,Russia,0.013,0.143,0.082,0.051,0.003,0.041,0.619,0.047,3550
RISE471,Germany,0.075,0,0.063,0.086,0.111,0.049,0.572,0.045,3555
RISE503,Russia,0.041,0.279,0.042,0.042,0,0.031,0.526,0.039,3569
I1775,UnitedKingdom,0.132,0.143,0.036,0.088,0.054,0.01,0.534,0.004,3581
I7570,UnitedKingdom,0.205,0.166,0.009,0.123,0.022,0.013,0.453,0.009,3583
rath3,UnitedKingdom,0.112,0.14,0.016,0.075,0.024,0.037,0.585,0.011,3585
RISE247,Hungary,0.142,0,0,0.028,0.004,0.021,0.797,0.007,3629
ATP9,Spain,0.186,0.03,0.002,0.049,0,0.068,0.664,0.001,3634
RISE505,Russia,0.009,0.038,0.037,0.022,0.039,0.037,0.781,0.036,3636
I2163,Bulgaria,0.099,0.272,0.067,0.098,0.015,0.015,0.406,0.028,3638
I2981,UnitedKingdom,0.19,0.168,0.026,0.095,0.02,0.013,0.472,0.017,3673
I0234,Russia,0.044,0.439,0.033,0.06,0,0.001,0.423,0,3675
I0235,Russia,0.11,0.416,0,0.076,0,0.005,0.384,0.009,3675
I0424,Russia,0.09,0.605,0,0.044,0,0,0.261,0,3675
I0430,Russia,0.008,0.278,0.053,0.053,0,0.01,0.598,0,3675
I0431,Russia,0.177,0.272,0.151,0.081,0,0,0.289,0.031,3675
I5516,UnitedKingdom,0.214,0.168,0.068,0.117,0.032,0.023,0.369,0.009,3691
RISE374,Hungary,0.098,0.008,0.158,0.039,0.144,0.062,0.471,0.02,3693
RISE479,Hungary,0.034,0.014,0.007,0.191,0,0.029,0.721,0.005,3700
RISE483,Hungary,0.348,0.078,0.005,0.11,0,0.007,0.428,0.025,3700
RISE484,Hungary,0.061,0.023,0.097,0.087,0.042,0.046,0.587,0.057,3700
I6680,UnitedKingdom,0.162,0.162,0.033,0.086,0.012,0.017,0.516,0.013,3701
I4070,TheNetherlands,0.182,0.213,0.04,0.093,0.004,0.013,0.449,0.007,3719
I0358,Russia,0.076,0.573,0,0.105,0.053,0,0.191,0.002,3721
I4071,TheNetherlands,0.212,0.164,0.023,0.109,0.021,0.01,0.455,0.005,3724
RISE150,Poland,0.016,0.039,0.041,0.095,0.029,0.044,0.709,0.027,3739
I4892,CzechRepublic,0.166,0.154,0.046,0.124,0.01,0.01,0.478,0.012,3741
RISE373,Hungary,0.233,0.141,0,0.064,0,0.029,0.511,0.021,3741
I5377,UnitedKingdom,0.172,0.155,0.032,0.093,0.029,0.009,0.479,0.03,3744
I2602,UnitedKingdom,0.204,0.207,0.018,0.115,0.027,0.012,0.393,0.022,3746
RISE413,Armenia,0,0.51,0.447,0,0,0,0.043,0,3752
I2463,UnitedKingdom,0.179,0.175,0.032,0.145,0.043,0.012,0.41,0.004,3763
I4884,CzechRepublic,0.159,0.216,0.002,0.077,0.014,0.012,0.495,0.024,3764
I4076,TheNetherlands,0.182,0.201,0.021,0.104,0.016,0.007,0.45,0.019,3766
I5441,UnitedKingdom,0.173,0.151,0.049,0.114,0.034,0.017,0.445,0.017,3791
I2421,UnitedKingdom,0.177,0.171,0.011,0.096,0.024,0.014,0.492,0.015,3795
RISE154,Poland,0,0,0.162,0.02,0.31,0.009,0.499,0,3795
I0070,Greece,0.41,0.041,0,0.002,0,0.024,0.499,0.023,3800
I0071,Greece,0.367,0.025,0.013,0.003,0.002,0.02,0.546,0.024,3800
I0073,Greece,0.408,0.04,0,0.002,0.004,0.017,0.5,0.03,3800
I0074,Greece,0.396,0.024,0,0,0.006,0.017,0.529,0.029,3800
I6623,Spain,0.268,0.147,0.014,0.111,0.009,0.014,0.434,0.004,3800
I9005,Greece,0.409,0.031,0,0.009,0.009,0.023,0.504,0.015,3800
RISE394,Russia,0,0.037,0.057,0.017,0.013,0.028,0.837,0.01,3802
I0354,Russia,0,1,0,0,0,0,0,0,3803
I2601,UnitedKingdom,0.224,0.171,0.035,0.114,0.01,0.011,0.426,0.009,3803
I0115,Germany,0.163,0.37,0,0.108,0,0.004,0.355,0,3807
RISE395,Russia,0.005,0.049,0.054,0.019,0.003,0.028,0.83,0.011,3808
RISE109,Poland,0,0.019,0.029,0.049,0.192,0.007,0.694,0.01,3813
rath2,UnitedKingdom,0.113,0.153,0.02,0.074,0.023,0.051,0.552,0.014,3833
RISE179,Sweden,0.1,0,0,0,0.481,0,0.419,0,3843
I2609,UnitedKingdom,0.205,0.193,0.051,0.091,0.021,0.015,0.411,0.013,3847
I5515,UnitedKingdom,0.262,0.212,0.044,0.109,0,0.021,0.343,0.009,3855
RISE349,Hungary,0,0,0.458,0.046,0.002,0.034,0.459,0,3859
Spiginas2,Lithuania,0.121,0.185,0.03,0.196,0.032,0.025,0.412,0,3890
I7195,CzechRepublic,0.19,0.172,0.042,0.099,0.038,0.016,0.438,0.006,3900
I7196,CzechRepublic,0.215,0.125,0.023,0.094,0.016,0.014,0.51,0.004,3900
I7197,CzechRepublic,0.462,0.018,0.002,0.027,0,0.023,0.464,0.005,3900
I7198,CzechRepublic,0.144,0.228,0.022,0.122,0.011,0.014,0.436,0.022,3900
I7199,CzechRepublic,0.141,0.228,0.037,0.107,0.019,0.016,0.449,0.005,3900
I7200,CzechRepublic,0.167,0.216,0.054,0.097,0.017,0.015,0.424,0.01,3900
I7201,CzechRepublic,0.199,0.206,0.034,0.117,0.013,0.015,0.412,0.004,3900
I7202,CzechRepublic,0.202,0.194,0.035,0.104,0.046,0.017,0.402,0.001,3900
RISE486,Italy,0.265,0.013,0,0.06,0.005,0.07,0.551,0.037,3904
RISE97,Sweden,0.072,0.04,0.141,0.163,0.013,0.036,0.528,0.007,3905
rath1,UnitedKingdom,0.086,0.171,0.037,0.076,0.024,0.028,0.561,0.017,3906
I0164,Germany,0.117,0.277,0,0.087,0.054,0.002,0.462,0.001,3909
I1770,UnitedKingdom,0.194,0.158,0.021,0.104,0.04,0.018,0.455,0.011,3950
I0047,Germany,0.141,0.115,0,0.081,0.183,0.007,0.472,0.001,3951
I3132,UnitedKingdom,0.185,0.207,0.039,0.097,0.015,0.016,0.435,0.005,3953
RISE391,Kazakhstan,0,0.2,0.062,0.071,0,0.088,0.578,0,3954
I6679,UnitedKingdom,0.109,0.144,0.023,0.059,0.032,0.029,0.594,0.011,3957
I2462,UnitedKingdom,0.219,0.12,0.016,0.096,0.008,0.011,0.502,0.029,3960
RISE392,Russia,0.012,0.038,0.012,0.028,0.02,0.05,0.832,0.009,3961
I2447,UnitedKingdom,0.161,0.188,0.041,0.109,0.027,0.021,0.452,0.001,3963
I6604,Spain,0.356,0.017,0,0.105,0.006,0.03,0.485,0.001,3966
RISE254,Hungary,0,0,0.617,0,0,0,0.383,0,3969
I4075,TheNetherlands,0.162,0.198,0.046,0.099,0.018,0.014,0.458,0.005,3978
I7638,UnitedKingdom,0.187,0.168,0.021,0.096,0.041,0.015,0.461,0.011,3982
I2600,UnitedKingdom,0.195,0.173,0.013,0.101,0.04,0.011,0.447,0.02,3985
I0116,Germany,0.003,0.197,0.095,0.1,0,0.005,0.598,0.001,3987
I0803,Germany,0.066,0,0,0,0.181,0,0.709,0.044,3987
I4069,TheNetherlands,0.161,0.171,0.033,0.123,0.031,0.013,0.457,0.011,3988
RISE371,Hungary,0.053,0.106,0.007,0.181,0,0.013,0.577,0.064,3989
I3875,France,0.212,0.15,0.01,0.091,0.023,0.009,0.481,0.024,3990
I4068,TheNetherlands,0.198,0.214,0.021,0.108,0.004,0.009,0.435,0.011,3991
I2618,UnitedKingdom,0.171,0.176,0.042,0.097,0.019,0.015,0.48,0,3992
I3255,UnitedKingdom,0.154,0.176,0.041,0.109,0.032,0.011,0.463,0.014,3992
I0114,Germany,0.198,0,0.001,0.021,0.658,0.007,0.111,0.004,3995
I0419,Russia,0.072,0.266,0.03,0.039,0,0.009,0.584,0,4000
I4073,TheNetherlands,0.162,0.212,0.028,0.113,0.023,0.016,0.438,0.009,4000
I0804,Germany,0,0,0.2,0.147,0.041,0.025,0.587,0,4001
I1979,Italy,0.315,0.07,0,0.035,0.037,0.024,0.511,0.007,4015
I2477,Italy,0.385,0.028,0,0.076,0,0.021,0.483,0.008,4015
I2478,Italy,0.293,0.058,0.01,0.069,0.029,0.015,0.509,0.018,4017
I2567,UnitedKingdom,0.186,0.198,0.026,0.126,0.027,0.02,0.414,0.003,4030
I1705,Jordan,0.65,0.007,0.342,0,0.002,0,0,0,4032
I0418,Russia,0,0,0,0,1,0,0,0,4035
I7635,UnitedKingdom,0.131,0.181,0.039,0.094,0.022,0.013,0.512,0.01,4036
I5373,UnitedKingdom,0.091,0.204,0.064,0.092,0.026,0.004,0.498,0.021,4037
I1767,UnitedKingdom,0.219,0.161,0,0.089,0.009,0.01,0.5,0.012,4040
I2454,UnitedKingdom,0.118,0.19,0.04,0.095,0.039,0.01,0.486,0.022,4041
I4074,TheNetherlands,0.117,0.176,0.062,0.102,0.03,0.01,0.487,0.016,4047
I5035,CzechRepublic,0.129,0,0.004,0.058,0.388,0.008,0.412,0,4050
I5043,CzechRepublic,0.199,0.149,0,0.117,0.015,0.01,0.501,0.009,4050
I5044,CzechRepublic,0.199,0.138,0.045,0.071,0.044,0.017,0.475,0.012,4050
I5750,TheNetherlands,0.148,0.208,0.045,0.116,0.012,0.013,0.448,0.01,4050
I4888,CzechRepublic,0.229,0.152,0.017,0.09,0,0.018,0.484,0.009,4060
RISE71,Denmark,0,0.02,0.064,0.021,0.101,0.054,0.738,0.003,4060
I3256,UnitedKingdom,0.182,0.142,0.026,0.11,0.047,0.017,0.465,0.011,4066
I3874,France,0.222,0.145,0.012,0.1,0,0.015,0.487,0.018,4068
I2566,UnitedKingdom,0.195,0.171,0.032,0.121,0.021,0.011,0.43,0.02,4070
I4887,CzechRepublic,0.21,0.132,0.013,0.083,0.015,0.014,0.524,0.009,4070
I4886,CzechRepublic,0.226,0.124,0.018,0.091,0.02,0.013,0.491,0.016,4074
I6542,Spain,0.372,0.02,0,0.111,0,0.027,0.447,0.023,4075
I2452,UnitedKingdom,0.191,0.192,0.026,0.11,0.032,0.018,0.429,0.002,4078
I5382,UnitedKingdom,0.198,0.182,0.037,0.096,0.013,0.025,0.448,0,4080
I5665,Spain,0.248,0.059,0,0.086,0.021,0.012,0.561,0.012,4082
I1502,Hungary,0.19,0.036,0.066,0.306,0,0.006,0.393,0.004,4088
I5471,UnitedKingdom,0.166,0.139,0.021,0.091,0.015,0.011,0.541,0.016,4096
I2604,UnitedKingdom,0.165,0.19,0.026,0.103,0.028,0.013,0.456,0.018,4098
I1381,France,0.194,0.207,0.019,0.116,0.013,0.016,0.419,0.015,4100
I4950,UnitedKingdom,0.116,0.205,0.039,0.084,0.006,0.01,0.52,0.02,4100
I4951,UnitedKingdom,0.089,0.17,0.054,0.127,0.008,0.031,0.52,0,4100
I5512,UnitedKingdom,0.156,0.182,0.042,0.115,0.028,0.016,0.446,0.015,4100
I5513,UnitedKingdom,0.124,0.183,0.062,0.119,0.024,0.013,0.461,0.014,4100
I2597,UnitedKingdom,0.154,0.185,0.032,0.1,0.036,0.013,0.461,0.018,4101
I2596,UnitedKingdom,0.145,0.229,0.031,0.105,0,0.018,0.463,0.009,4104
RISE98,Sweden,0,0,0.002,0.028,0.448,0,0.521,0,4104
I5024,CzechRepublic,0,0,0.025,0,0,0.038,0.931,0.005,4105
I0117,Germany,0.217,0,0,0.008,0.768,0,0.007,0,4106
I2443,UnitedKingdom,0.132,0.167,0.054,0.098,0.034,0.014,0.494,0.007,4106
I4895,CzechRepublic,0.168,0.209,0.029,0.105,0,0.004,0.477,0.008,4110
RISE828,Kazakhstan,0,0.281,0,0,0,0,0.414,0.305,4111.5
I2568,UnitedKingdom,0.208,0.186,0.007,0.129,0.011,0.01,0.436,0.015,4112
I6531,Poland,0.157,0.255,0.042,0.102,0.009,0.018,0.407,0.01,4112
I2445,UnitedKingdom,0.176,0.173,0.035,0.127,0.017,0.013,0.444,0.016,4113
I0171,Germany,0.004,0.253,0.251,0.06,0,0.024,0.408,0,4114
I2453,UnitedKingdom,0.122,0.193,0.054,0.104,0.024,0.013,0.468,0.021,4114
I6537,Poland,0.18,0.165,0.034,0.094,0.054,0.01,0.438,0.025,4116
I6774,UnitedKingdom,0.161,0.235,0.053,0.1,0.012,0.015,0.422,0.002,4116
RISE431,Poland,0.032,0.071,0.058,0.045,0.026,0.061,0.682,0.024,4117
I6583,Poland,0.163,0.169,0.032,0.108,0.04,0.014,0.46,0.013,4120
I4889,CzechRepublic,0.184,0.161,0.036,0.075,0.027,0.016,0.477,0.023,4122
I4891,CzechRepublic,0.224,0.127,0.015,0.105,0.021,0.01,0.491,0.007,4122
RISE386,Russia,0.026,0.233,0.077,0.068,0,0.045,0.542,0.009,4122
I0113,Germany,0.111,0.175,0.034,0.073,0.001,0.024,0.582,0,4140
I6579,Poland,0.15,0.207,0.023,0.168,0.023,0.02,0.401,0.009,4141
I0246,Russia,0.129,0.526,0.035,0.062,0,0,0.18,0.068,4149
I4229,Portugal,0.292,0.032,0,0.083,0.013,0.02,0.554,0.007,4150
I5025,CzechRepublic,0.137,0.117,0.044,0.12,0.029,0.029,0.497,0.025,4150
I5666,CzechRepublic,0.214,0.171,0.003,0.075,0.02,0.013,0.486,0.018,4150
I6480,CzechRepublic,0.206,0.152,0.014,0.111,0.052,0.015,0.441,0.009,4150
I6582,Poland,0.255,0.141,0,0.075,0.009,0.02,0.49,0.01,4150
I6775,UnitedKingdom,0.167,0.181,0.05,0.095,0.034,0.02,0.443,0.009,4150
I6777,UnitedKingdom,0.147,0.195,0.052,0.118,0.018,0.012,0.437,0.02,4150
I6778,UnitedKingdom,0.151,0.176,0.076,0.066,0.05,0.013,0.449,0.02,4150
E09613_d,Germany,0.159,0.196,0.086,0.105,0.041,0.011,0.374,0.029,4165
I0058,Germany,0.145,0.257,0.103,0.183,0,0.007,0.303,0,4165
I4896,CzechRepublic,0.246,0.171,0.016,0.084,0.02,0.015,0.43,0.019,4165
I4885,CzechRepublic,0.265,0.126,0.019,0.074,0.018,0.022,0.461,0.015,4166
I4945,CzechRepublic,0.24,0.142,0,0.065,0,0.019,0.511,0.023,4168
I4946,CzechRepublic,0.158,0.148,0.03,0.082,0.008,0.005,0.542,0.027,4171
I3588,Germany,0.246,0.139,0.005,0.074,0.017,0.012,0.479,0.028,4175
I3589,Germany,0.181,0.182,0.04,0.087,0.024,0.016,0.463,0.008,4175
I3594,Germany,0.287,0.065,0,0.068,0.015,0.011,0.53,0.024,4175
I3600,Germany,0.159,0.153,0.029,0.092,0.02,0.013,0.515,0.019,4175
I3601,Germany,0.189,0.201,0.045,0.096,0.021,0.013,0.426,0.007,4175
I6580,Poland,0.17,0.242,0.005,0.122,0.003,0.012,0.436,0.009,4175
I0059,Germany,0.005,0.02,0.111,0.093,0.206,0.007,0.558,0,4188
I3590,Germany,0.277,0.095,0.025,0.073,0.042,0.02,0.468,0,4188
I2457,UnitedKingdom,0.157,0.183,0.019,0.113,0.03,0.011,0.469,0.017,4199
I4132,Germany,0.174,0.21,0.026,0.105,0.014,0.006,0.454,0.011,4200
I5022,Germany,0.138,0.094,0.031,0.072,0.008,0.066,0.591,0,4200
I5023,Germany,0.157,0.151,0.024,0.119,0.017,0.015,0.5,0.016,4200
I5514,CzechRepublic,0.179,0.193,0.013,0.088,0.019,0.013,0.487,0.008,4200
I5519,Germany,0.162,0.216,0.025,0.097,0.01,0.022,0.465,0.002,4200
I5520,Germany,0.233,0.135,0,0.065,0.057,0.009,0.489,0.011,4200
I5521,Germany,0.166,0.148,0.032,0.125,0.02,0.007,0.495,0.007,4200
I5523,Germany,0.194,0.243,0.006,0.101,0.001,0.012,0.422,0.02,4200
I5524,Germany,0.301,0.098,0.002,0.059,0,0.013,0.508,0.018,4200
I5525,Germany,0.19,0.133,0.006,0.126,0.023,0.013,0.499,0.01,4200
I5529,Germany,0.24,0.175,0.012,0.07,0.024,0.01,0.463,0.006,4200
I5531,Germany,0.194,0.173,0.021,0.107,0.017,0.015,0.464,0.009,4200
I5658,Germany,0.179,0.122,0.008,0.082,0.06,0.015,0.52,0.015,4200
I5833,Germany,0.245,0.143,0,0.129,0.017,0.018,0.436,0.013,4200
I5834,Germany,0.213,0.179,0.037,0.103,0.02,0.018,0.416,0.014,4200
I5835,Germany,0.294,0.116,0,0.116,0.032,0.017,0.41,0.015,4200
I5836,Germany,0.211,0.251,0.054,0.09,0,0.014,0.365,0.015,4200
I6472,Spain,0.264,0.084,0,0.106,0.024,0.016,0.506,0,4200
I6539,Spain,0.295,0.115,0,0.104,0.001,0.013,0.462,0.01,4200
I6584,Spain,0.326,0.023,0,0.107,0.01,0.016,0.518,0,4200
I6587,Spain,0.39,0.028,0,0.104,0,0,0.468,0.011,4200
I6590,Germany,0.189,0.16,0.026,0.112,0.012,0.013,0.468,0.019,4200
I6591,Germany,0.231,0.144,0.012,0.085,0.022,0.016,0.47,0.02,4200
I6624,Germany,0.247,0.123,0,0.105,0.018,0.016,0.486,0.004,4200
I2364,Hungary,0.337,0.056,0,0.073,0.018,0.019,0.479,0.019,4216
E09569,Germany,0.179,0.194,0.032,0.109,0.012,0.023,0.431,0.02,4222
I1532,Germany,0.27,0.516,0,0.124,0,0,0.09,0,4225
I1534,Germany,0.131,0.712,0,0.094,0,0,0.063,0,4225
I1536,Germany,0.15,0.187,0,0,0.412,0,0.25,0,4225
I1538,Germany,0,0,0,0,1,0,0,0,4225
I1540,Germany,0.076,0.328,0,0.191,0,0.005,0.4,0,4225
I1541,Germany,0.107,0.402,0.068,0.068,0.015,0.014,0.325,0,4225
I1542,Germany,0.187,0.691,0,0.053,0,0,0.069,0,4225
I1544,Germany,0.091,0,0.102,0.095,0.616,0,0.096,0,4225
I1546,Germany,0.028,0.055,0.104,0.14,0,0.013,0.66,0,4225
I1549,Germany,0.14,0.333,0.003,0.121,0,0.009,0.394,0,4225
I1382,France,0.174,0.177,0.059,0.082,0.021,0.007,0.464,0.016,4235
I0060,Germany,0.135,0,0,0.048,0.496,0.01,0.304,0.007,4239
I6609,Spain,0.36,0.005,0.005,0.103,0.003,0.013,0.498,0.014,4240
I0806,Germany,0.162,0.393,0,0.048,0.075,0.013,0.309,0,4241
I1388,France,0.315,0.021,0,0.085,0.011,0.014,0.54,0.013,4245
I5376,UnitedKingdom,0.134,0.216,0.056,0.107,0.041,0.006,0.426,0.015,4248
I0112,Germany,0.032,0.235,0,0.075,0.016,0.005,0.636,0,4250
I6581,Poland,0.282,0.111,0.002,0.08,0.038,0.023,0.453,0.011,4250
I5385,UnitedKingdom,0.135,0.208,0.056,0.072,0.048,0.015,0.45,0.015,4251
I2416,UnitedKingdom,0.259,0.119,0,0.121,0.015,0.019,0.466,0,4253
I2459,UnitedKingdom,0.162,0.207,0.063,0.119,0.037,0.022,0.364,0.027,4253
I2450,UnitedKingdom,0.152,0.194,0.033,0.108,0.017,0.015,0.47,0.012,4254
I0805,Germany,0.084,0,0.318,0.191,0.098,0,0.308,0,4255
I2741,Hungary,0.352,0.024,0.002,0.089,0.007,0.023,0.503,0,4255
I2417,UnitedKingdom,0.117,0.23,0.027,0.104,0.03,0.017,0.46,0.015,4270
I2461,UnitedKingdom,0.147,0.17,0.038,0.102,0.026,0.014,0.494,0.01,4270
I0461,Spain,0.223,0.057,0.003,0.095,0.005,0.026,0.575,0.016,4278
I0840,Portugal,0.293,0,0,0.141,0,0.019,0.515,0.031,4278
I2418,UnitedKingdom,0.118,0.184,0.038,0.11,0.024,0.008,0.501,0.017,4278
I2787,Hungary,0.133,0.276,0.064,0.094,0.035,0.017,0.357,0.023,4279
I5020,Germany,0.207,0.138,0,0.119,0.018,0.023,0.483,0.011,4281
I0458,Spain,0.287,0.05,0,0.07,0,0,0.557,0.037,4282
I2786,Hungary,0.142,0.19,0.031,0.095,0.044,0.014,0.468,0.017,4282
I4253,Poland,0.192,0.166,0.009,0.106,0.017,0.014,0.484,0.014,4282
RISE664,Russia,0,0.236,0,0,0,0,0.473,0.291,4282.5
I5017,Germany,0.27,0.196,0.011,0.058,0,0.014,0.442,0.01,4283
I0460,Spain,0.258,0,0,0.109,0.003,0.015,0.591,0.022,4285
I2365,Hungary,0.204,0.165,0.024,0.107,0.032,0.036,0.413,0.018,4286
E09538,Germany,0.308,0.128,0.019,0.076,0.035,0.017,0.4,0.017,4287
I0049,Germany,0.031,0.473,0.129,0.112,0,0.005,0.249,0,4287
I0106,Germany,0.131,0.661,0.117,0.076,0,0,0.016,0,4287
I4247,Spain,0.393,0,0,0.107,0.012,0.027,0.447,0.014,4287
I5015,Hungary,0.326,0.037,0.025,0.034,0.096,0.019,0.444,0.02,4288
I0111,Germany,0.066,0.034,0.033,0.046,0.148,0.014,0.659,0,4290
I1390,France,0.211,0.184,0.04,0.092,0.021,0.013,0.419,0.02,4295
I3529,Hungary,0.185,0.157,0.012,0.082,0,0.015,0.534,0.015,4300
I4178,Hungary,0.214,0.181,0.001,0.11,0,0.022,0.465,0.006,4300
I5367,UnitedKingdom,0.151,0.164,0.03,0.122,0.031,0.013,0.481,0.008,4300
I7040,Hungary,0.311,0.123,0,0.101,0,0.012,0.453,0,4300
I7041,Hungary,0.299,0.117,0,0.044,0.014,0.015,0.504,0.008,4300
I7042,Hungary,0.404,0.02,0.002,0.068,0.002,0.014,0.484,0.006,4300
I7043,Hungary,0.29,0.118,0.009,0.067,0.018,0.017,0.47,0.011,4300
I7044,Hungary,0.353,0.06,0.003,0.103,0,0.016,0.454,0.01,4300
I7045,Hungary,0.366,0.052,0,0.093,0,0.014,0.467,0.007,4300
I7205,CzechRepublic,0.156,0.223,0.032,0.115,0.005,0.018,0.442,0.01,4300
I7210,CzechRepublic,0.194,0.143,0.026,0.094,0.015,0.013,0.502,0.014,4300
I7211,CzechRepublic,0.219,0.133,0.024,0.113,0.014,0.012,0.477,0.007,4300
I7212,CzechRepublic,0.184,0.134,0.032,0.087,0.02,0.016,0.513,0.015,4300
I7213,CzechRepublic,0.189,0.165,0.035,0.119,0.001,0.013,0.47,0.008,4300
I7214,CzechRepublic,0.225,0.132,0.036,0.116,0.009,0.016,0.434,0.032,4300
I7249,CzechRepublic,0.218,0.171,0,0.104,0.022,0.012,0.458,0.015,4300
I7250,CzechRepublic,0.254,0.108,0.017,0.072,0.047,0.02,0.474,0.007,4300
I7251,CzechRepublic,0.192,0.184,0.023,0.095,0.028,0.01,0.459,0.009,4300
I7269,CzechRepublic,0.193,0.156,0.041,0.096,0.027,0.013,0.46,0.014,4300
I7271,CzechRepublic,0.273,0.214,0.018,0.121,0.023,0.012,0.338,0,4300
I7275,CzechRepublic,0.229,0.184,0.041,0.078,0.041,0.015,0.4,0.013,4300
I7276,CzechRepublic,0.195,0.169,0.046,0.096,0.018,0.009,0.446,0.021,4300
I7278,CzechRepublic,0.199,0.168,0.013,0.091,0.008,0.015,0.486,0.019,4300
I7281,CzechRepublic,0.183,0.186,0.033,0.112,0.024,0.017,0.43,0.015,4300
I7282,CzechRepublic,0.219,0.125,0.015,0.11,0.023,0.016,0.474,0.019,4300
I7283,CzechRepublic,0.281,0.06,0.012,0.126,0.029,0.016,0.465,0.012,4300
I7286,CzechRepublic,0.204,0.139,0,0.141,0.002,0.014,0.485,0.014,4300
I7287,CzechRepublic,0.203,0.169,0.015,0.117,0.025,0.013,0.443,0.016,4300
I7289,CzechRepublic,0.231,0.136,0.017,0.096,0.014,0.013,0.47,0.023,4300
I7290,CzechRepublic,0.199,0.138,0.017,0.097,0.035,0.017,0.483,0.013,4300
Olsund,Sweden,0.137,0.198,0.059,0.09,0.026,0.008,0.468,0.014,4307
I0118,Germany,0.162,0.004,0.006,0.092,0.212,0.021,0.474,0.029,4309
I5379,UnitedKingdom,0.222,0.175,0.01,0.085,0.013,0.017,0.463,0.016,4333
I1730,Jordan,0.357,0,0.643,0,0,0,0,0,4344
I1706,Jordan,0.385,0,0.615,0,0,0,0,0,4345
I0459,Spain,0.286,0.009,0,0.113,0.008,0.016,0.557,0.011,4350
I5748,TheNetherlands,0.136,0.221,0.062,0.106,0.012,0.014,0.449,0,4356
I2495,Turkey,0.399,0.105,0.055,0.01,0.009,0.072,0.34,0.011,4377
I0104,Germany,0.002,0.475,0.041,0.017,0,0,0.466,0,4378
I3528,Hungary,0.236,0.094,0.019,0.169,0.017,0.015,0.451,0,4380
I0108,Germany,0.108,0.152,0,0.089,0.002,0.018,0.63,0,4387
I5021,Germany,0.022,0.068,0.019,0.031,0.051,0.074,0.71,0.025,4406
I1277,Spain,0.275,0.01,0.004,0.164,0,0.029,0.504,0.015,4407
I1539,Germany,0.161,0.614,0,0.149,0.056,0,0.019,0,4408
I2932,UnitedKingdom,0.355,0.021,0,0.113,0,0.021,0.482,0.008,4409
RISE552,Russia,0,0.999,0,0,0,0,0.001,0,4446
Bul6,Bulgaria,0.414,0.02,0,0.096,0.034,0.019,0.405,0.012,4450
I0374,Russia,0,0.994,0,0.006,0,0,0,0,4450
I1970,Portugal,0.361,0.025,0,0.127,0.007,0.024,0.455,0,4450
Kunila2_merged,Estonia,0.08,0.206,0.049,0.058,0.015,0.042,0.541,0.009,4463
RISE00,Estonia,0.009,0.259,0,0.007,0,0.012,0.713,0,4463
I1633,Armenia,0,0,1,0,0,0,0,0,4465
I0550,Germany,0.017,0.622,0.046,0.033,0.05,0.005,0.223,0.004,4471
I2630,UnitedKingdom,0.338,0.007,0,0.098,0.003,0.017,0.531,0.006,4472
I0103,Germany,0.002,0.342,0.074,0.07,0.088,0,0.423,0,4473
I1635,Armenia,0,0,1,0,0,0,0,0,4492
I2683,Turkey,0.408,0.106,0.063,0.025,0.02,0.071,0.308,0,4494
RISE829,Kazakhstan,0,0.308,0,0,0,0,0.379,0.312,4494
Gyvakarai1,Lithuania,0.028,0.248,0.043,0.078,0.029,0.042,0.496,0.036,4495
RISE94,Sweden,0,0.224,0.072,0.036,0.002,0.038,0.622,0.007,4497
I7272,CzechRepublic,0.393,0.015,0,0.088,0,0.021,0.469,0.014,4500
I7279,CzechRepublic,0.161,0.252,0.03,0.107,0.031,0.019,0.392,0.007,4500
I7280,CzechRepublic,0.127,0.245,0.058,0.088,0.034,0.015,0.416,0.017,4500
I6617,Spain,0.368,0.013,0,0.124,0.004,0.015,0.465,0.011,4550
I1271,Spain,0.316,0,0,0.173,0.011,0.02,0.472,0.008,4573
I1276,Spain,0.249,0.01,0,0.305,0,0.01,0.404,0.022,4573
I1280,Spain,0.412,0.015,0,0.169,0,0.02,0.383,0,4573
I1282,Spain,0.219,0,0.145,0.26,0.01,0.02,0.347,0,4573
I1284,Spain,0.316,0,0.005,0.183,0,0.011,0.448,0.036,4573
I1300,Spain,0.294,0.005,0,0.178,0.004,0.019,0.486,0.014,4573
I1303,Spain,0.303,0.015,0,0.173,0,0.021,0.454,0.033,4573
I5838,Spain,0.367,0.005,0.003,0.128,0.013,0.021,0.454,0.009,4573
Plinkaigalis241,Lithuania,0.11,0.228,0.037,0.091,0,0.013,0.502,0.019,4585
RISE446,Germany,0.009,0.254,0.015,0.048,0,0.035,0.632,0.008,4597
I1392,France,0.368,0.015,0,0.1,0.006,0.016,0.48,0.014,4604
I2499,Turkey,0.468,0.103,0.065,0.032,0.027,0.07,0.236,0,4604
RISE510,Russia,0,1,0,0,0,0,0,0,4610
RISE61,Denmark,0.041,0.321,0,0.047,0.002,0.034,0.555,0,4622
I0126,Russia,0,0,0,0,1,0,0,0,4626
I1272,Spain,0.271,0,0.026,0.167,0,0.022,0.496,0.018,4627
RISE555,Russia,0,1,0,0,0,0,0,0,4627
RISE435,Germany,0.011,0.434,0.045,0.047,0,0.047,0.416,0,4631
I6601,Portugal,0.353,0.009,0,0.095,0,0.03,0.496,0.017,4650
RISE546,Russia,0,1,0,0,0,0,0,0,4650
RISE548,Russia,0,1,0,0,0,0,0,0,4650
I1281,Spain,0.284,0.005,0.023,0.16,0.006,0.023,0.485,0.014,4670
I2403,Poland,0.315,0,0.011,0.127,0.02,0.013,0.494,0.02,4673
RISE436,Germany,0.017,0,0.017,0.037,0.033,0.047,0.8,0.048,4674
I2792,Croatia,0.385,0,0,0.024,0,0.014,0.562,0.014,4677
I0371,Russia,0.025,0.975,0,0,0,0,0,0,4678
I0432,Russia,0.036,0.071,0.038,0.116,0,0.014,0.712,0.013,4681
RISE489,Italy,0.213,0.009,0.008,0.061,0.004,0.067,0.609,0.03,4693
I1274,Spain,0.397,0.021,0,0.11,0,0.018,0.454,0,4705
I1314,Spain,0.345,0,0.013,0.137,0.021,0.025,0.44,0.019,4705
RISE434,Germany,0.008,0.212,0.117,0.06,0,0.05,0.536,0.016,4705
RISE240,Russia,0,0.737,0,0.003,0.259,0,0,0,4706
RISE547,Russia,0,1,0,0,0,0,0,0,4711
I0440,Russia,0,0.001,0,0,0.999,0,0,0,4725
I3499,Croatia,0.353,0.165,0.012,0.055,0.001,0.021,0.393,0,4725
RISE509,Russia,0,0.983,0,0,0.017,0,0,0,4732
ATP2,Spain,0.414,0.011,0,0.09,0.005,0.056,0.411,0.014,4739
I0581,Spain,0.258,0.01,0,0.106,0,0.019,0.584,0.023,4740
ILK002,Ukraine,0.3,0.02,0.002,0.098,0.011,0.033,0.525,0.011,4742
I5884,Ukraine,0.12,0.16,0.026,0.275,0,0.013,0.4,0.006,4743
RISE511,Russia,0,0,0,0,1,0,0,0,4744
Ajvide52,Sweden,0,0,0,1,0,0,0,0,4750
Ajvide58,Sweden,0,0,0,1,0,0,0,0,4750
Ajvide70,Sweden,0.022,0.061,0,0.446,0,0,0.439,0.032,4750
ILK001,Ukraine,0.318,0.005,0.002,0.111,0.008,0.024,0.523,0.009,4753
ILK003,Ukraine,0.312,0.02,0.004,0.095,0.004,0.036,0.517,0.012,4755
I2510,Bulgaria,0.43,0.031,0,0.025,0.001,0.018,0.487,0.008,4758
I0441,Russia,0,1,0,0,0,0,0,0,4766
I0438,Russia,0,0.954,0,0,0.046,0,0,0,4778
I4629,Latvia,0.052,0.336,0.095,0.075,0.041,0.016,0.371,0.013,4833
I2977,UnitedKingdom,0.367,0.02,0.001,0.094,0.008,0.019,0.485,0.005,4836
I0231,Russia,0,1,0,0,0,0,0,0,4843
ATP12,Spain,0.172,0.011,0.004,0.152,0,0.048,0.585,0.028,4895
Plinkaigalis242,Lithuania,0.061,0.321,0.055,0.1,0.021,0.019,0.416,0.007,4895
I2933,UnitedKingdom,0.354,0.009,0,0.141,0.017,0.018,0.449,0.012,4898
Gokhem2,Sweden,0.202,0.012,0.007,0.194,0.002,0.076,0.493,0.013,4900
RISE786,Kazakhstan,0,0.299,0,0,0,0,0.701,0,4902.5
Bul4,Bulgaria,0.23,0.207,0.039,0.077,0.004,0.018,0.401,0.024,4906
I2165,Bulgaria,0.262,0.13,0.016,0.086,0.031,0.013,0.452,0.009,4908
I1843,Spain,0.324,0.025,0,0.146,0,0.018,0.468,0.019,4935
RISE550,Russia,0,1,0,0,0,0,0,0,4935
I5358,UnitedKingdom,0.37,0,0,0.081,0,0.03,0.518,0,4942
I0357,Russia,0,0,0,0,1,0,0,0,4950
I0370,Russia,0,0.577,0,0,0.423,0,0,0,4950
I0443,Russia,0,0,0,0,1,0,0,0,4950
I0444,Russia,0,0,0,0,1,0,0,0,4950
I2105,Ukraine,0.071,0.361,0.088,0.089,0.032,0.014,0.329,0.017,4950
I2433,Poland,0.348,0.028,0,0.094,0.006,0.013,0.5,0.011,4950
I2440,Poland,0.401,0.01,0,0.141,0,0.008,0.44,0,4950
I2631,UnitedKingdom,0.347,0.007,0,0.096,0,0.019,0.524,0.007,4952
I1917,Ukraine,0.126,0.244,0.119,0.052,0.042,0.027,0.356,0.035,4955
I3276,Spain,0.357,0.01,0,0.151,0.003,0.02,0.456,0.003,4955
I3269,Spain,0.318,0.007,0.002,0.145,0,0.014,0.507,0.007,5000
I3270,Spain,0.351,0,0,0.153,0,0.012,0.47,0.014,5000
I3271,Spain,0.307,0.019,0,0.131,0,0.023,0.52,0,5000
I3272,Spain,0.416,0.039,0,0.145,0,0.018,0.38,0.001,5033
ATP16,Spain,0.22,0.007,0.008,0.085,0.001,0.052,0.605,0.021,5039
I3138,UnitedKingdom,0.334,0.013,0,0.098,0,0.019,0.521,0.014,5043
I5882,Ukraine,0.144,0.209,0,0.267,0.006,0.006,0.349,0.02,5047
I2441,Poland,0.37,0.005,0,0.112,0.012,0.021,0.477,0.003,5050
I0439,Russia,0,0,0,0,1,0,0,0,5065
I2606,UnitedKingdom,0.346,0.013,0.003,0.115,0.014,0.02,0.476,0.013,5065
I1497,Hungary,0.517,0.008,0,0.091,0.005,0.017,0.357,0.006,5069
I0429,Russia,0,1,0,0,0,0,0,0,5078
I2367,Hungary,0.427,0.023,0.002,0.055,0,0.019,0.473,0,5081
I2753,Hungary,0.395,0.022,0,0.084,0.006,0.022,0.466,0.005,5081
RISE507.508.merge,Russia,0.003,0.041,0,0,0.943,0.002,0.008,0.003,5083
I2979,UnitedKingdom,0.363,0.012,0,0.098,0,0.016,0.512,0,5087
I2366,Hungary,0.4,0.023,0,0.062,0.005,0.012,0.484,0.014,5093
I2370,Hungary,0.378,0.015,0,0.052,0,0.025,0.526,0.004,5096
I1838,Spain,0.343,0.019,0,0.129,0.001,0.02,0.471,0.017,5099
I2175,Bulgaria,0.346,0.062,0.018,0.086,0.005,0.013,0.455,0.016,5122
I2935,UnitedKingdom,0.366,0.014,0,0.124,0.002,0.018,0.467,0.008,5123
I2978,UnitedKingdom,0.366,0.011,0,0.095,0.01,0.013,0.494,0.012,5129
I2934,UnitedKingdom,0.368,0.011,0,0.099,0.012,0.012,0.482,0.016,5130
I2754,Hungary,0.466,0.016,0,0.049,0.014,0.016,0.425,0.013,5131
bally,UnitedKingdom,0.26,0.01,0.001,0.078,0.002,0.045,0.595,0.008,5132
I2176,Bulgaria,0.349,0.045,0,0.089,0,0.019,0.49,0.007,5132
I2520,Bulgaria,0.348,0.079,0,0.105,0,0.016,0.435,0.017,5132
I3085,UnitedKingdom,0.387,0.008,0,0.113,0,0.02,0.464,0.007,5132
I5117,Hungary,0.386,0,0,0.088,0,0.008,0.497,0.022,5150
I5118,Hungary,0.4,0.012,0.007,0.079,0.021,0.016,0.451,0.014,5150
I5119,Hungary,0.391,0.023,0,0.047,0,0.024,0.508,0.006,5150
I0551,Germany,0.337,0,0,0.161,0.015,0.021,0.466,0,5163
I1658,Armenia,0,0,1,0,0,0,0,0,5170
I0172,Germany,0.22,0.012,0,0.047,0.002,0.044,0.649,0.027,5173
I2752,Hungary,0.426,0.032,0,0.054,0.003,0.026,0.452,0.007,5175
I2785,Hungary,0.398,0.028,0,0.07,0.009,0.019,0.476,0,5175
I2371,Hungary,0.434,0.013,0.003,0.07,0.011,0.021,0.44,0.009,5179
I2651,UnitedKingdom,0.328,0.018,0,0.093,0,0.017,0.537,0.007,5179
I2980,UnitedKingdom,0.365,0.007,0.008,0.09,0.006,0.02,0.498,0.005,5181
Iceman,Italy,0.225,0.006,0,0.015,0,0.051,0.676,0.026,5182
I2369,Hungary,0.41,0.018,0,0.052,0.012,0.025,0.466,0.018,5185
I7554,UnitedKingdom,0.367,0.016,0,0.098,0.004,0.018,0.485,0.011,5185
I2605,UnitedKingdom,0.356,0.006,0.006,0.111,0.003,0.017,0.488,0.013,5238
RISE487,Italy,0.175,0.015,0,0.035,0,0.06,0.69,0.025,5245
I1563,Germany,0.238,0.01,0,0.219,0.011,0.013,0.499,0.01,5361
GB1,Romania,0.148,0,0,0.294,0.023,0.009,0.527,0,5377
I2660,UnitedKingdom,0.327,0.018,0.001,0.118,0,0.011,0.518,0.007,5383
I2988,UnitedKingdom,0.367,0,0.002,0.091,0.01,0.016,0.5,0.013,5389
I2636,UnitedKingdom,0.358,0.013,0,0.096,0.007,0.021,0.499,0.006,5390
I3136,UnitedKingdom,0.37,0.008,0,0.104,0,0.019,0.485,0.015,5393
I3041,UnitedKingdom,0.315,0.016,0.005,0.159,0,0.019,0.475,0.011,5440
I3273,Spain,0.37,0,0,0.141,0,0,0.477,0.012,5445
Tamula1,Estonia,0.053,0.277,0.039,0.325,0,0.014,0.272,0.02,5445
Botai2016,Kazakhstan,0,0.475,0,0.115,0,0,0.292,0.117,5449.5
I2637,UnitedKingdom,0.354,0.004,0.002,0.086,0.009,0.021,0.521,0.004,5450
I3133,UnitedKingdom,0.344,0.012,0.004,0.103,0.004,0.016,0.506,0.011,5454
I3134,UnitedKingdom,0.339,0.013,0,0.108,0.009,0.023,0.498,0.009,5455
I4110,Ukraine,0.165,0.188,0.008,0.188,0.01,0.009,0.424,0.008,5456
I0560,Germany,0.256,0,0,0.108,0.005,0.026,0.586,0.019,5458
I2650,UnitedKingdom,0.338,0.009,0,0.102,0.001,0.018,0.521,0.012,5459
I3135,UnitedKingdom,0.298,0.015,0,0.196,0.004,0.018,0.469,0.001,5462
I5366,UnitedKingdom,0.384,0.011,0,0.109,0,0.027,0.462,0.008,5463
I2635,UnitedKingdom,0.39,0.017,0,0.096,0.006,0.022,0.463,0.006,5471
I2791,Hungary,0.392,0.017,0.002,0.058,0,0.023,0.5,0.008,5471
I6761,UnitedKingdom,0.387,0.007,0.005,0.092,0.011,0.018,0.479,0,5475
I5079,Croatia,0.435,0.015,0,0.012,0.014,0.025,0.487,0.011,5485
I6759,UnitedKingdom,0.342,0.008,0,0.11,0.012,0.018,0.508,0.002,5536
I0559,Germany,0.276,0.015,0,0.109,0,0.031,0.57,0,5540
I3068,UnitedKingdom,0.338,0.007,0,0.119,0,0.01,0.505,0.022,5557
I2634,UnitedKingdom,0.395,0.015,0,0.111,0,0.021,0.45,0.008,5569
I5371,UnitedKingdom,0.322,0,0,0.122,0.005,0.026,0.525,0,5600
I6762,UnitedKingdom,0.352,0.024,0.003,0.128,0,0.019,0.459,0.016,5600
I1593,Germany,0.249,0.019,0,0.243,0,0.017,0.472,0,5601
I2691,UnitedKingdom,0.306,0.017,0,0.163,0.004,0.013,0.49,0.006,5620
I2790,Hungary,0.401,0.023,0.003,0.041,0,0.025,0.498,0.009,5649
I2789,Hungary,0.402,0,0,0.052,0.011,0.025,0.509,0,5650
I5359,UnitedKingdom,0.347,0.013,0,0.091,0.008,0.02,0.522,0,5650
I2659,UnitedKingdom,0.347,0.011,0,0.124,0.011,0.018,0.482,0.009,5652
I2633,UnitedKingdom,0.368,0.016,0,0.122,0.009,0.021,0.453,0.012,5653
I4089,Romania,0.418,0.026,0,0.042,0.018,0.02,0.456,0.02,5653
I6750,UnitedKingdom,0.331,0.004,0,0.079,0.014,0.016,0.539,0.018,5658
I6751,UnitedKingdom,0.359,0.019,0,0.105,0.001,0.02,0.489,0.008,5658
Tamula3,Estonia,0.055,0.31,0,0.386,0.011,0.013,0.197,0.027,5670
I0405,Spain,0.3,0.012,0,0.073,0,0.032,0.544,0.04,5700
I0406,Spain,0.245,0.011,0.003,0.098,0,0.037,0.574,0.031,5700
I0407,Spain,0.277,0.008,0,0.11,0,0.025,0.554,0.026,5700
I0408,Spain,0.234,0.008,0.003,0.156,0,0.03,0.538,0.031,5727
I2788,Hungary,0.341,0.044,0,0.078,0.006,0.026,0.485,0.021,5730
I1565,Germany,0.1,0.025,0,0.432,0.007,0.009,0.428,0,5735
I2110,Ukraine,0.389,0.041,0,0.063,0,0.035,0.458,0.013,5735
I1926,Ukraine,0.374,0.038,0,0.119,0.031,0.012,0.4,0.025,5736
Saxtorp5164,Sweden,0.306,0.019,0,0.114,0.005,0.034,0.488,0.035,5746
I3920,Greece,0.41,0.071,0.01,0.02,0.009,0.033,0.432,0.015,5770
I1584,Turkey,0.613,0.156,0.08,0.007,0,0.026,0.117,0,5776
I0807,Germany,0.15,0,0.034,0.125,0,0.021,0.605,0.065,5790
I2657,UnitedKingdom,0.325,0,0,0.09,0.033,0.018,0.508,0.027,5816
I1665,Iran,0,0,1,0,0,0,0,0,5826
I1674,Iran,0,0,1,0,0,0,0,0,5836
I3709,Greece,0.423,0.031,0.013,0.005,0.015,0.023,0.476,0.014,5847
stg001,Norway,0,0.26,0.012,0.389,0,0.004,0.28,0.055,5857
I2318,Greece,0.53,0.035,0,0.018,0.005,0.025,0.38,0.008,5945
I4554,Latvia,0.021,0.363,0.035,0.329,0.023,0.013,0.167,0.049,5949
I6561,Ukraine,0.122,0.233,0.042,0.069,0.005,0.008,0.499,0.02,5960
ZVEJ31,Latvia,0,0.37,0.024,0.309,0,0.009,0.24,0.048,5965
I1407,Armenia,0,0,1,0,0,0,0,0,5975
I4435,Latvia,0.025,0.376,0.014,0.297,0.008,0.014,0.218,0.049,6003
I2783,Hungary,0.385,0.031,0,0.065,0.01,0.02,0.486,0.003,6046
I1908,Hungary,0.405,0.012,0,0.054,0.003,0.021,0.495,0.008,6050
I4189,Hungary,0.402,0.01,0,0.055,0.021,0.022,0.483,0.006,6050
I1409,Armenia,0.159,0.367,0.474,0,0,0,0,0,6057
Klei10,Greece,0.357,0.039,0.005,0.009,0,0.052,0.531,0.007,6063
I4627,Latvia,0.068,0.124,0,0.46,0.002,0.013,0.327,0.006,6064
I1632,Armenia,0.16,0.124,0.649,0,0,0,0.067,0,6065
I1909,Hungary,0.431,0.007,0,0.051,0.014,0.021,0.465,0.012,6089
Kretuonas1,Lithuania,0.055,0.068,0,0.488,0.055,0.02,0.314,0,6090
I1631,Armenia,0.261,0.219,0.453,0,0,0,0.067,0,6100
I4436,Latvia,0.041,0.291,0.014,0.357,0,0.017,0.25,0.03,6105
I1634,Armenia,0,0.046,0.95,0.004,0,0,0,0,6145
I4437,Latvia,0.044,0.153,0.025,0.466,0,0.01,0.295,0.007,6148
I0644,Israel,0.427,0.043,0.024,0.005,0.006,0.047,0.423,0.025,6150
I1152,Israel,0.483,0.035,0.033,0.021,0.013,0.042,0.342,0.031,6150
I1160,Israel,0.509,0.047,0.027,0.01,0.005,0.045,0.331,0.027,6150
I1164,Israel,0.507,0.051,0.036,0.004,0.018,0.038,0.333,0.012,6150
I1165,Israel,0.512,0.057,0.054,0.007,0.012,0.041,0.294,0.023,6150
I1166,Israel,0.529,0.04,0.03,0.018,0,0.044,0.316,0.023,6150
I1168,Israel,0.477,0.042,0.027,0.011,0,0.046,0.375,0.022,6150
I1169,Israel,0.425,0.037,0.035,0.007,0.014,0.045,0.423,0.013,6150
I1170,Israel,0.478,0.03,0.048,0.019,0.012,0.038,0.353,0.022,6150
I1171,Israel,0.515,0.077,0.009,0,0.001,0.032,0.341,0.025,6150
I1178,Israel,0.454,0.034,0.038,0.01,0.006,0.041,0.401,0.015,6150
I1179,Israel,0.519,0.035,0.047,0.021,0.023,0.03,0.301,0.025,6150
I1182,Israel,0.509,0.03,0.039,0.022,0.035,0.036,0.318,0.012,6150
I1184,Israel,0.519,0.054,0.051,0,0.021,0.038,0.278,0.039,6150
Kretuonas2,Lithuania,0.043,0.063,0.001,0.49,0.033,0.019,0.345,0.005,6150
Kretuonas4,Lithuania,0.033,0.095,0,0.484,0.02,0.012,0.345,0.012,6150
I1907,Hungary,0.386,0.011,0.002,0.054,0.002,0.017,0.519,0.009,6153
I4088,Romania,0.414,0.024,0.003,0.059,0.019,0.018,0.452,0.012,6154
I2353,Hungary,0.414,0.025,0,0.038,0.002,0.009,0.492,0.02,6200
I2354,Hungary,0.397,0.032,0,0.049,0,0.011,0.491,0.02,6200
I2356,Hungary,0.378,0.025,0,0.044,0,0.031,0.516,0.007,6200
I2519,Bulgaria,0.467,0.04,0.005,0.011,0,0.017,0.438,0.022,6242
Spiginas1,Lithuania,0.067,0.067,0.001,0.5,0.028,0.022,0.309,0.007,6290
I2793,Hungary,0.407,0.022,0,0.051,0.004,0.021,0.494,0.002,6301
I2424,Bulgaria,0.428,0.034,0.003,0.035,0.017,0.016,0.45,0.017,6304
I2427,Bulgaria,0.45,0.021,0,0.024,0.018,0.017,0.455,0.015,6340
Kretuonas5,Lithuania,0.06,0.066,0.013,0.46,0.045,0.018,0.338,0,6345
I4893,CzechRepublic,0.417,0.019,0,0.043,0,0.019,0.5,0.003,6349
Pal7,Greece,0.345,0.032,0.004,0.012,0.004,0.06,0.528,0.016,6351
I2509,Bulgaria,0.44,0.017,0,0.013,0.018,0.02,0.481,0.011,6353
I1495,Hungary,0.622,0.013,0,0.086,0.004,0.007,0.264,0.003,6374
I4894,CzechRepublic,0.429,0.023,0,0.043,0.016,0.022,0.468,0,6378
I1378,Ukraine,0.059,0.284,0.053,0.376,0,0.012,0.188,0.028,6381
I2423,Bulgaria,0.498,0.058,0,0.034,0.005,0.014,0.378,0.012,6388
I0781,Bulgaria,0.419,0.018,0,0.012,0.005,0.018,0.501,0.027,6400
I2430,Bulgaria,0.435,0.033,0,0.035,0.006,0.02,0.461,0.01,6448
I1131,Serbia,0.471,0.011,0.002,0.023,0.004,0.02,0.461,0.007,6483
I2425,Bulgaria,0.465,0.064,0,0.043,0.007,0.011,0.409,0,6515
I1661,Iran,0.039,0.05,0.767,0.007,0.005,0.011,0.107,0.015,6544
I0122,Russia,0,0.778,0.004,0.215,0,0,0,0.003,6550
I0433,Russia,0,0.75,0,0.246,0,0,0,0.004,6550
I0434,Russia,0,0.913,0,0.087,0,0,0,0,6550
I3708,Greece,0.448,0.041,0,0.006,0.006,0.025,0.473,0.003,6550
I0634,Serbia,0.38,0.015,0.002,0.012,0.001,0.03,0.537,0.022,6557
I5078,Croatia,0.42,0.015,0,0.026,0.009,0.023,0.501,0.006,6569
ANI159-ANI181,Bulgaria,0.428,0.046,0,0.063,0,0.018,0.435,0.01,6571
Donkalnis6,Lithuania,0.081,0.067,0,0.502,0.022,0.02,0.302,0.007,6575
ANI163,Bulgaria,0.178,0.092,0.034,0.055,0.026,0.015,0.599,0.001,6577
I4111,Ukraine,0.083,0.272,0.003,0.382,0,0.015,0.218,0.028,6585
Kivisaare3,Estonia,0.092,0.16,0.02,0.43,0.009,0.027,0.241,0.022,6585
I1899,Hungary,0.41,0.012,0.009,0.013,0,0.022,0.523,0.011,6600
I1902,Hungary,0.442,0.015,0,0.021,0,0.022,0.496,0.004,6600
I1903,Hungary,0.445,0.019,0,0.014,0.009,0.025,0.482,0.006,6600
I1906,Hungary,0.446,0.039,0,0.034,0,0.015,0.461,0.005,6600
I4168,Croatia,0.443,0.022,0,0.011,0.012,0.013,0.499,0.001,6600
I2431,Bulgaria,0.411,0.026,0,0.05,0.013,0.014,0.47,0.016,6615
I4303,France,0.388,0.025,0,0.102,0.002,0.019,0.459,0.006,6632
I4304,France,0.354,0.011,0.002,0.116,0.012,0.019,0.483,0.004,6638
I1905,Hungary,0.407,0.041,0,0.059,0,0.023,0.469,0,6664
I4305,France,0.376,0.018,0,0.099,0.005,0.021,0.482,0,6671
I1662,Iran,0,0,1,0,0,0,0,0,6672
I1670,Iran,0,0,1,0,0,0,0,0,6678
DA249,Russia,0,0,0,0,0,0,0.162,0.838,6700
I0449,Hungary,0.357,0.015,0,0.04,0.008,0.018,0.547,0.015,6700
I2358,Hungary,0.415,0.015,0,0.053,0.031,0.023,0.459,0.005,6700
Kum6,Turkey,0.346,0.032,0,0.032,0,0.061,0.53,0,6700
I1972,Spain,0.477,0.021,0,0.059,0.015,0.022,0.387,0.018,6710
I4441,Latvia,0.062,0.125,0,0.468,0.027,0.013,0.293,0.011,6725
Veibri4,Estonia,0.042,0.198,0.011,0.452,0.016,0.012,0.255,0.015,6760
I4184,Hungary,0.444,0,0.004,0.021,0.005,0.019,0.493,0.014,6773
I1901,Hungary,0.425,0.025,0,0.035,0,0.027,0.488,0,6789
I3719,Ukraine,0.463,0.029,0,0.027,0.005,0.025,0.45,0,6824
I5204,Austria,0.445,0.012,0,0.032,0.008,0.019,0.476,0.009,6950
I5205,Austria,0.448,0.026,0,0.017,0.005,0.021,0.472,0.01,6950
I5206,Austria,0.453,0,0,0.014,0.008,0.024,0.492,0.009,6950
I5207,Austria,0.413,0.026,0,0.007,0.004,0.018,0.529,0.002,6950
I5208,Austria,0.445,0.021,0,0.007,0.001,0.02,0.49,0.016,6950
I1891,Hungary,0.394,0.023,0,0.027,0.002,0.02,0.531,0.003,6969
I0821,Germany,0.417,0.008,0,0.008,0.006,0.016,0.529,0.017,6976
I0100,Germany,0.327,0.017,0.02,0.02,0.01,0.027,0.559,0.018,6977
I1889,Hungary,0.462,0.014,0.003,0.018,0,0.015,0.475,0.013,6977
I2379,Hungary,0.434,0.016,0,0.036,0.011,0.015,0.476,0.012,7011
I2377,Hungary,0.412,0.029,0.002,0.076,0,0.017,0.463,0,7025
I0176,Hungary,0.313,0,0,0.015,0.025,0.05,0.571,0.027,7026
I5077,Croatia,0.437,0.009,0,0.019,0.001,0.024,0.503,0.007,7026
I4628,Latvia,0.046,0.116,0.006,0.478,0.019,0.012,0.313,0.011,7027
I1904,Hungary,0.468,0.014,0.002,0.019,0.024,0.027,0.428,0.017,7028
I0659,Germany,0.48,0.014,0,0.004,0.005,0.024,0.458,0.015,7037
I1882,Hungary,0.396,0.021,0,0.051,0,0.023,0.509,0,7050
I2355,Hungary,0.432,0.033,0,0.054,0,0.026,0.437,0.017,7050
I2357,Hungary,0.42,0.01,0,0.063,0.014,0.017,0.464,0.013,7050
I2743,Hungary,0.376,0.018,0.004,0.02,0.014,0.021,0.527,0.022,7050
I2744,Hungary,0.37,0.024,0,0.044,0,0.013,0.523,0.027,7050
I2745,Hungary,0.401,0.031,0,0.034,0.011,0.018,0.505,0,7050
I4188,Hungary,0.435,0.026,0,0.084,0.01,0.013,0.418,0.012,7050
I4196,Hungary,0.468,0.041,0,0.011,0,0.029,0.445,0.005,7050
I4199,Hungary,0.402,0.041,0.007,0.066,0,0.012,0.455,0.017,7050
I0046,Germany,0.357,0.006,0,0.01,0.009,0.022,0.564,0.031,7051
I2008,Germany,0.42,0.017,0,0.025,0.004,0.01,0.497,0.026,7052
I1496,Hungary,0.507,0,0,0.012,0.006,0.02,0.441,0.014,7054
I0048,Germany,0.391,0.01,0.004,0.024,0.002,0.038,0.517,0.015,7056
I2037,Germany,0.49,0.023,0,0.016,0,0.014,0.448,0.008,7056
I5883,Ukraine,0.03,0.212,0.064,0.379,0.014,0.016,0.279,0.006,7056
I0056,Germany,0.576,0.015,0,0.027,0,0.012,0.37,0,7061
I1505,Hungary,0.426,0.014,0.007,0.062,0.016,0.034,0.422,0.018,7061
I3535,Hungary,0.419,0.041,0,0.081,0.018,0.038,0.395,0.009,7061
I0057,Germany,0.485,0.042,0,0.011,0,0.028,0.434,0,7070
I0054,Germany,0.291,0.037,0.001,0.019,0.006,0.031,0.584,0.03,7072
I1500,Hungary,0.611,0.015,0,0.043,0,0.012,0.316,0.004,7073
I2199,Spain,0.43,0.012,0,0.027,0.018,0.019,0.476,0.018,7074
I0795,Germany,0.502,0,0,0.041,0,0,0.394,0.063,7076
I4440,Latvia,0.069,0.131,0.002,0.488,0.014,0.019,0.271,0.006,7080
I0797,Germany,0.393,0.035,0.102,0.049,0,0.012,0.408,0,7088
I5068,Austria,0.439,0.005,0.004,0.022,0.006,0.03,0.483,0.01,7088
I5069,Austria,0.427,0.016,0.002,0.031,0.009,0.021,0.476,0.019,7088
I5070,Austria,0.415,0.029,0.003,0.021,0.002,0.026,0.495,0.008,7088
I0022,Germany,1,0,0,0,0,0,0,0,7100
I0025,Germany,0.598,0.014,0,0.034,0.011,0.024,0.316,0.003,7100
I0026,Germany,0.367,0.026,0,0.02,0.009,0.039,0.518,0.021,7100
I1499,Hungary,0.572,0.014,0,0.136,0,0.015,0.262,0.001,7104
Canes1,Spain,0.003,0,0.025,0.498,0,0.007,0.462,0.005,7115
I1498,Hungary,0.587,0.02,0,0.095,0.004,0.006,0.277,0.011,7124
I5890,Ukraine,0.054,0.245,0.036,0.398,0.001,0.013,0.248,0.005,7124
I1550,Germany,0.586,0.016,0.001,0.022,0,0.015,0.355,0.005,7125
I2026,Germany,0.521,0.04,0,0,0.005,0.024,0.383,0.027,7125
I2030,Germany,0.432,0.025,0,0.004,0,0.012,0.514,0.013,7125
I2032,Germany,0.418,0.025,0,0.01,0,0.022,0.516,0.007,7125
I2036,Germany,0.471,0.011,0.005,0.02,0.014,0.024,0.453,0.003,7125
I2038,Germany,0.471,0.02,0,0.013,0.001,0.017,0.459,0.019,7125
I2029,Germany,0.422,0.033,0,0.017,0.007,0.028,0.49,0.003,7126
I5875,Ukraine,0.071,0.223,0.024,0.393,0.004,0.015,0.245,0.024,7126
I2384,Hungary,0.443,0.01,0,0.06,0.015,0.023,0.438,0.012,7130
I0410,Spain,0.312,0.011,0.002,0.039,0.001,0.026,0.579,0.031,7131
I0411,Spain,0.306,0.026,0,0.009,0,0.031,0.599,0.029,7131
I0413,Spain,0.297,0.008,0,0.032,0,0.031,0.599,0.033,7138
I1506,Hungary,0.567,0,0,0.088,0.032,0.008,0.3,0.006,7139
I2739,Hungary,0.444,0.019,0,0.017,0.01,0.021,0.472,0.016,7142
I0018,Germany,0.361,0.005,0,0.006,0,0.013,0.596,0.018,7143
I0412,Spain,0.286,0.024,0.002,0.033,0,0.035,0.589,0.031,7144
Donkalnis7,Lithuania,0.1,0.127,0.007,0.45,0.012,0.018,0.281,0.004,7150
I1887,Hungary,0.443,0.02,0,0.013,0.015,0.021,0.467,0.022,7150
I1896,Hungary,0.449,0.02,0,0,0.008,0.022,0.488,0.013,7150
I1895,Hungary,0.435,0.05,0,0.054,0,0.024,0.424,0.012,7151
I0211,Russia,0,0.541,0,0.45,0,0,0.009,0,7200
I2376,Hungary,0.412,0.016,0.003,0.05,0.009,0.023,0.482,0.005,7200
UzOO77,Russia,0.022,0.425,0.019,0.294,0.008,0.008,0.184,0.041,7200
I0409,Spain,0.296,0.015,0,0.036,0,0.034,0.594,0.026,7214
I3718,Ukraine,0.067,0.266,0,0.398,0.002,0.015,0.226,0.025,7230
I1732,Ukraine,0.083,0.232,0,0.386,0.006,0.017,0.259,0.017,7239
I3717,Ukraine,0.064,0.219,0.01,0.388,0.011,0.02,0.27,0.018,7289
I4438,Latvia,0.059,0.129,0,0.494,0.018,0.012,0.281,0.007,7291
I2526,Bulgaria,0.515,0.029,0,0.007,0,0.017,0.432,0,7336
CB13,Spain,0.242,0.009,0,0.04,0,0.058,0.626,0.025,7345
I1738,Ukraine,0.064,0.242,0.006,0.384,0.006,0.014,0.265,0.018,7350
I2380,Hungary,0.461,0.023,0,0.031,0.012,0.02,0.453,0,7350
I4114,Ukraine,0.045,0.221,0.009,0.396,0.031,0.014,0.265,0.019,7351
I5870,Ukraine,0.045,0.206,0.005,0.363,0.052,0.008,0.307,0.015,7360
I2937,Greece,0.527,0.019,0,0.014,0.018,0.062,0.351,0.009,7369
I3537,Hungary,0.435,0.052,0,0.011,0,0.072,0.431,0,7371
I4552,Latvia,0.037,0.102,0.002,0.499,0.012,0.011,0.325,0.012,7377
I2533,Romania,0.5,0.032,0,0.006,0,0.019,0.427,0.015,7378
I4553,Latvia,0.058,0.11,0,0.494,0.025,0.017,0.281,0.015,7379
I0633,Serbia,0.421,0.016,0.005,0.017,0.006,0.018,0.506,0.011,7440
I4434,Latvia,0.04,0.127,0.006,0.502,0.012,0.013,0.286,0.013,7446
I5408,Romania,0.055,0.094,0,0.472,0.019,0.01,0.341,0.009,7450
I2521,Bulgaria,0.463,0,0.002,0.016,0.007,0.025,0.472,0.014,7505
I3715,Ukraine,0.063,0.249,0.007,0.371,0.023,0.015,0.26,0.013,7529
I1876,Hungary,0.425,0,0,0.019,0.037,0.018,0.502,0,7544
I0700,Bulgaria,0.279,0.059,0,0.154,0.03,0.013,0.453,0.011,7550
I1108,Bulgaria,0.372,0.089,0,0.185,0,0.02,0.327,0.008,7550
I1109,Bulgaria,0.455,0.05,0,0.042,0,0.015,0.438,0,7550
I1113,Bulgaria,0.372,0.05,0,0.128,0,0.016,0.427,0.007,7550
I1295,Bulgaria,0.427,0.01,0,0.122,0.012,0.02,0.399,0.011,7550
I3879,Bulgaria,0.533,0.032,0,0,0,0.015,0.416,0.004,7550
I5072,Croatia,0.476,0.024,0,0.019,0.003,0.029,0.443,0.007,7551
I0124,Russia,0.01,0.647,0,0.33,0,0.009,0,0.004,7553
I0174,Hungary,0.435,0,0,0,0.01,0.04,0.502,0.014,7569
I5071,Croatia,0.463,0.036,0,0.014,0.005,0.027,0.44,0.015,7571
I2794,Hungary,0.45,0.011,0.003,0.001,0,0.027,0.489,0.019,7574
I1877,Hungary,0.458,0.021,0,0.021,0.006,0.049,0.435,0.009,7580
I1508,Hungary,0.794,0,0,0,0.017,0.009,0.18,0,7590
I4971,Hungary,0.086,0.068,0,0.457,0.004,0.026,0.347,0.012,7592
I1880,Hungary,0.483,0.031,0.005,0.015,0.011,0.05,0.392,0.012,7600
I4918,Serbia,0.382,0.026,0.003,0.016,0.011,0.02,0.536,0.006,7600
I2529,Bulgaria,0.498,0.04,0,0.025,0.017,0.018,0.395,0.007,7601
I2532,Romania,0.489,0.03,0,0.017,0.001,0.017,0.437,0.01,7621
I0679_d,Bulgaria,0.446,0.089,0.027,0.012,0.007,0.031,0.374,0.016,7622
I0017,Sweden,0.017,0.09,0.004,0.744,0.005,0.008,0.118,0.015,7625
I4595,Latvia,0.054,0.086,0.006,0.502,0.014,0.017,0.302,0.019,7637
I4439,Latvia,0.046,0.076,0.013,0.522,0.023,0.009,0.312,0,7648
I0011,Sweden,0,0,0,1,0,0,0,0,7665
I0012,Sweden,0,0,0,1,0,0,0,0,7665
I0013,Sweden,0,0,0,1,0,0,0,0,7665
I0014,Sweden,0,0,0,1,0,0,0,0,7665
I0015,Sweden,0,0,0,1,0,0,0,0,7665
I0016,Sweden,0,0,0,1,0,0,0,0,7665
I4551,Latvia,0.054,0.149,0.008,0.463,0.015,0.018,0.283,0.011,7671
I5405,Serbia,0.451,0,0.005,0.009,0.011,0.016,0.506,0.002,7684
I4626,Latvia,0.051,0.105,0.021,0.499,0.04,0.025,0.259,0,7689
I1507,Hungary,0,0,0,1,0,0,0,0,7698
I1671,Iran,0,0,1,0,0,0,0,0,7698
I3498,Croatia,0.496,0.001,0,0.001,0.013,0.029,0.436,0.025,7698
I1878,Hungary,0.425,0.005,0,0.042,0.004,0.02,0.495,0.01,7700
I2373,Hungary,0.437,0,0.009,0.059,0.012,0.04,0.434,0.01,7700
I4878,Serbia,0.054,0.065,0.005,0.52,0.012,0.013,0.321,0.009,7803
I0676,Macedonia,0.437,0.015,0.001,0.006,0.013,0.027,0.501,0.002,7807
I4880,Serbia,0.062,0.075,0.005,0.492,0.039,0.011,0.305,0.01,7813
I3433,Croatia,0.466,0.016,0,0.019,0.001,0.021,0.473,0.003,7814
I0585,Spain,0.015,0.004,0.004,0.648,0.013,0.027,0.259,0.031,7815
I3947,Croatia,0.463,0.01,0.005,0.019,0.006,0.023,0.467,0.007,7836
I3948,Croatia,0.488,0,0,0.013,0.015,0.019,0.455,0.01,7860
I0723,Turkey,0.688,0,0,0.009,0,0.007,0.288,0.008,7870
I4873,Serbia,0.057,0.074,0,0.522,0.028,0.016,0.302,0.002,7872
I5427,Greece,0.474,0.028,0,0.013,0.01,0.021,0.442,0.011,7892
I0698,Bulgaria,0.501,0.034,0.002,0.017,0,0.023,0.419,0.003,7900
I5232,Serbia,0.261,0.049,0.003,0.248,0.01,0.021,0.405,0.003,7901
I0706,Bulgaria,0.395,0.028,0,0.088,0.004,0.025,0.451,0.009,7905
I4432,Latvia,0.038,0.122,0,0.508,0.021,0.013,0.289,0.009,7948
I0724,Turkey,0.665,0.06,0,0,0,0.008,0.259,0.008,7950
I0726,Turkey,0.714,0,0,0,0,0.01,0.276,0,7950
I0727,Turkey,0.653,0.002,0,0,0.012,0,0.323,0.01,7950
I2534,Romania,0.072,0.169,0.008,0.459,0.031,0.018,0.244,0,7973
I4596,Latvia,0.039,0.104,0.011,0.496,0,0.014,0.317,0.019,7976
I4882,Serbia,0.052,0.074,0,0.498,0.022,0.014,0.333,0.006,8000
I5233,Serbia,0.046,0.073,0.008,0.489,0.015,0.015,0.346,0.009,8001
Loschbour,Luxembourg,0,0,0,0.679,0,0,0.317,0.003,8055
I4917,Serbia,0.057,0.086,0,0.502,0.017,0.013,0.31,0.013,8058
I0708,Turkey,1,0,0,0,0,0,0,0,8097
I1736,Ukraine,0.049,0.251,0.011,0.403,0.004,0.014,0.247,0.022,8109
I5885,Ukraine,0.077,0.229,0.006,0.432,0.022,0.022,0.213,0,8110
I4915,Serbia,0.076,0.085,0.01,0.493,0.003,0.02,0.307,0.006,8115
I4914,Serbia,0.042,0.059,0.005,0.498,0.012,0.018,0.359,0.008,8123
I5402,Serbia,0.049,0.07,0,0.48,0.008,0.01,0.369,0.014,8156
Bar31,Turkey,0.376,0.033,0.001,0.015,0.009,0.055,0.497,0.013,8175
Bar8,Turkey,0.396,0.022,0.004,0.02,0.014,0.047,0.478,0.02,8175
I1580,Turkey,0.598,0.02,0,0.013,0.005,0.018,0.339,0.007,8195
Tep006,Turkey,0.344,0.014,0.02,0.005,0.009,0.056,0.527,0.025,8230
I0745,Turkey,1,0,0,0,0,0,0,0,8251
I1581,Turkey,0.643,0.013,0,0.01,0.003,0.021,0.309,0,8254
I0744,Turkey,0.596,0.019,0,0.002,0.001,0.013,0.359,0.01,8273
I1583,Turkey,0.579,0.025,0.002,0.008,0.011,0.017,0.353,0.005,8281
Spiginas4,Lithuania,0.061,0.06,0.005,0.526,0.012,0.024,0.306,0.007,8285
I1097,Turkey,0.625,0.025,0,0.012,0.009,0.013,0.299,0.017,8288
Tep004,Turkey,0.368,0.02,0,0,0.013,0.062,0.508,0.029,8295
I0707,Turkey,0.822,0.003,0,0,0,0.002,0.174,0,8300
I0709,Turkey,0.576,0.009,0,0.013,0.008,0.015,0.376,0.005,8300
I0736,Turkey,0.598,0.02,0,0.009,0,0.011,0.355,0.006,8300
I0746,Turkey,0.616,0.035,0,0,0,0.01,0.328,0.01,8300
I0854,Turkey,0.514,0.019,0,0.02,0.019,0.02,0.409,0,8300
I1096,Turkey,0.768,0,0,0.011,0.009,0.002,0.209,0.001,8300
I1098,Turkey,1,0,0,0,0,0,0,0,8300
I1099,Turkey,0.803,0.016,0,0.01,0.007,0.004,0.16,0,8300
I1100,Turkey,0.81,0.034,0,0.01,0,0.004,0.138,0.004,8300
I1101,Turkey,0.722,0.013,0,0.022,0.009,0.013,0.221,0,8300
I1102,Turkey,0.718,0,0,0.013,0.017,0.015,0.237,0,8300
I1103,Turkey,0.962,0,0,0.005,0,0,0.033,0,8300
I1579,Turkey,0.654,0.014,0,0.024,0.007,0.017,0.283,0,8300
I1585,Turkey,0.721,0.021,0,0.007,0.003,0.012,0.236,0,8300
Rev5,Greece,0.376,0.012,0.003,0.013,0,0.059,0.521,0.016,8301
I4632,Latvia,0.036,0.114,0,0.485,0.02,0.008,0.325,0.012,8308
I5771,Serbia,0.077,0.055,0,0.529,0,0.011,0.329,0,8325
I4881,Serbia,0.039,0.052,0.006,0.515,0.028,0.017,0.34,0.004,8363
I0061,Russia,0,0.444,0.001,0.363,0.187,0,0,0.004,8375
I4871,Serbia,0.064,0.07,0.006,0.498,0,0.008,0.347,0.008,8450
I4872,Serbia,0.057,0.066,0,0.516,0.02,0.004,0.325,0.013,8450
I5772,Serbia,0.076,0.065,0,0.495,0.037,0.011,0.309,0.006,8450
I4876,Serbia,0.076,0.071,0.004,0.521,0.014,0.014,0.289,0.012,8455
I4875,Serbia,0.043,0.08,0.002,0.534,0.016,0.015,0.307,0.003,8458
I4550,Latvia,0.038,0.078,0.006,0.54,0.014,0.018,0.299,0.007,8489
I4877,Serbia,0.041,0.05,0.009,0.514,0.02,0.017,0.34,0.008,8505
Tep003,Turkey,0.367,0.025,0,0.004,0.013,0.056,0.515,0.02,8505
I4874,Serbia,0.05,0.046,0,0.522,0.028,0.014,0.331,0.009,8506
Tep002,Turkey,0.377,0.028,0,0.012,0.007,0.069,0.505,0.001,8585
I5411,Romania,0.062,0.107,0,0.461,0.009,0.012,0.336,0.012,8600
I4582,Romania,0.05,0.114,0.001,0.477,0,0.014,0.337,0.007,8697
I1699,Jordan,1,0,0,0,0,0,0,0,8700
OC1,Romania,0.04,0.073,0,0.423,0.002,0.009,0.447,0.005,8704
I4870,Serbia,0.052,0.074,0,0.517,0.008,0.011,0.328,0.01,8740
I4916,Serbia,0.053,0.083,0.006,0.487,0.018,0.016,0.327,0.01,8763
I1679,Jordan,0.871,0,0.129,0,0,0,0,0,8800
SC1,Romania,0.023,0.111,0,0.492,0,0,0.364,0.01,8814
I5876,Ukraine,0.056,0.235,0.005,0.413,0.003,0.011,0.264,0.014,8822
I5401,Serbia,0.054,0.061,0,0.492,0.03,0.017,0.336,0.01,8838
sf11,Sweden,0,0,0,1,0,0,0,0,8892
sf12,Sweden,0.004,0.143,0,0.495,0.004,0.002,0.339,0.014,8895
I4607,Romania,0.062,0.094,0,0.486,0.018,0.017,0.323,0,8940
I0867,Israel,0.994,0,0,0.005,0,0.001,0,0,8975
I5436,Romania,0.058,0.104,0.003,0.464,0.002,0.018,0.342,0.01,9025
I1875,Croatia,0.055,0.055,0,0.535,0.008,0.023,0.323,0,9118
Chan,Spain,0.02,0,0.016,0.421,0.016,0.028,0.399,0.1,9131
Falkenstein,Germany,0.039,0.044,0,0.562,0.017,0.072,0.256,0.011,9200
I1704,Jordan,1,0,0,0,0,0,0,0,9202
I1734,Ukraine,0.071,0.252,0.009,0.409,0.006,0.012,0.226,0.015,9202
WC1,Iran,0.086,0.162,0.269,0.008,0.015,0.086,0.278,0.095,9219
I4630,Latvia,0.032,0.222,0.002,0.442,0,0.015,0.266,0.021,9222
I4081,Romania,0.075,0.108,0,0.501,0.013,0.021,0.267,0.015,9335
H26,Norway,0,0.221,0,0.385,0.009,0,0.355,0.031,9364
I1710,Jordan,0.958,0,0,0,0,0,0.042,0,9580
I1707,Jordan,0.96,0.016,0,0,0.006,0,0.018,0,9582
I1701,Jordan,0.349,0,0.651,0,0,0,0,0,9610
KK1,Georgia,0.006,0.289,0.495,0.006,0.002,0.038,0.149,0.015,9712
I1944,Iran,0,0,1,0,0,0,0,0,9800
I1945,Iran,0,0,1,0,0,0,0,0,9800
I1949,Iran,0,0,1,0,0,0,0,0,9800
I5234,Serbia,0.061,0.072,0.003,0.523,0.011,0.018,0.307,0.006,9800
I5237,Serbia,0.075,0.067,0,0.495,0.017,0.018,0.327,0,9800
I5407,Serbia,0.035,0.047,0.002,0.507,0.024,0.014,0.36,0.011,9800
I5409,Serbia,0.067,0.086,0.001,0.485,0.006,0.021,0.331,0.004,9800
I1290,Iran,0,0,1,0,0,0,0,0,9846
I1415,Jordan,0.559,0,0.115,0.099,0.02,0.016,0.191,0,9875
I1951,Iran,0,0.183,0.817,0,0,0,0,0,9892
AH4,Iran,0.068,0.196,0.272,0.013,0.016,0.076,0.258,0.101,9930
AH2,Iran,0.064,0.182,0.304,0.012,0.021,0.091,0.237,0.09,9931
I5238,Serbia,0.06,0.1,0,0.471,0.013,0.017,0.331,0.008,9993
I5236,Serbia,0.07,0.065,0.003,0.499,0.014,0.024,0.318,0.006,10008
I1414,Jordan,0.423,0,0.577,0,0,0,0,0,10050
I1416,Jordan,0.526,0,0,0,0.116,0.039,0.3,0.019,10050
I1700,Jordan,0.971,0,0,0,0,0,0,0.029,10050
I1709,Jordan,1,0,0,0,0,0,0,0,10050
I1727,Jordan,0.978,0,0.022,0,0,0,0,0,10050
I1763,Ukraine,0.071,0.344,0.005,0.369,0,0.014,0.176,0.022,10074
Bon002,Turkey,0.353,0.031,0,0.018,0.011,0.055,0.512,0.02,10078
Ranchot88,France,0.076,0.022,0.039,0.56,0.022,0.068,0.212,0,10085
I1733,Ukraine,0.077,0.332,0.018,0.354,0,0.015,0.188,0.016,10200
I5239,Serbia,0.064,0.107,0.004,0.502,0.017,0.018,0.284,0.004,10333
I5242,Serbia,0.073,0.088,0,0.474,0.025,0.017,0.315,0.008,10530
I1819,Ukraine,0.058,0.309,0.022,0.378,0.019,0.015,0.181,0.017,10643
I5244,Serbia,0.07,0.066,0.007,0.49,0.02,0.012,0.321,0.014,10785
I1293,Iran,0,0,1,0,0,0,0,0,10800
I5240,Serbia,0.054,0.054,0.009,0.486,0.023,0.018,0.349,0.008,10805
I5235,Serbia,0.078,0.098,0,0.493,0.001,0.016,0.305,0.009,10835
I5241,Serbia,0.079,0.057,0,0.498,0.017,0.019,0.315,0.016,11196
I0861,Israel,0.986,0,0,0,0,0.014,0,0,12750
I1069,Israel,0.81,0,0.19,0,0,0,0,0,12750
I1072,Israel,0.939,0.018,0,0.013,0.007,0.012,0.002,0.009,12750
I1685,Israel,0.58,0,0.42,0,0,0,0,0,12750
I1690,Israel,0.115,0,0.885,0,0,0,0,0,12750
Rochedane,France,0.071,0,0.018,0.533,0.033,0.072,0.256,0.016,12960
SATP,Georgia,0,0.205,0.745,0,0,0.01,0.04,0,13256
I1687,Israel,0.983,0,0,0.017,0,0,0,0,13265
Bichon,Switzerland,0.008,0,0.002,0.774,0.005,0.023,0.183,0.005,13665
I11459,Iran,0.09,0.24,0.22,0.03,0,0.06,0.14,0.21,4150
I11462,Iran,0.1,0.22,0.28,0,0,0.04,0.27,0.1,4270
I1946,Iran,0.09,0.21,0.36,0.03,0.02,0.04,0.15,0.09,8850
I1947,Iran,0.1,0.19,0.33,0.02,0.03,0.06,0.2,0.08,8860
I1952,Iran,0.11,0.19,0.35,0.04,0.05,0.05,0.13,0.07,8850
I1954,Iran,0.08,0.21,0.36,0.01,0.01,0.05,0.2,0.07,9000
I2323,Iran,0.33,0.1,0.16,0.01,0.02,0.03,0.32,0.03,7090
I2327,Iran,0.22,0.17,0.16,0.01,0.02,0.03,0.35,0.05,2910
I2337,Iran,0.16,0.16,0.28,0.02,0.02,0.04,0.26,0.06,4780
I2512,Iran,0.15,0.19,0.33,0,0.01,0.02,0.24,0.05,4265
I2513,Iran,0.16,0.19,0.29,0.02,0.01,0.03,0.25,0.06,4070
I2514,Iran,0.16,0.19,0.29,0.01,0,0.03,0.27,0.05,3915
I2921,Iran,0.18,0.16,0.27,0,0.03,0.03,0.29,0.04,4820
I2922,Iran,0.16,0.19,0.28,0,0.01,0.03,0.28,0.05,3705
I2923,Iran,0.19,0.22,0.3,0.01,0.02,0.03,0.18,0.05,4160
I2924,Iran,0.17,0.21,0.28,0.01,0,0.04,0.25,0.05,4170
I2925,Iran,0.14,0.18,0.32,0.02,0.02,0.04,0.24,0.05,4170
I2927,Iran,0.21,0.2,0.27,0,0.04,0.03,0.19,0.05,3970
I2928,Iran,0.14,0.15,0.32,0.01,0.01,0.04,0.3,0.03,4095
I4241,Iran,0.31,0.11,0.13,0.01,0.02,0.04,0.35,0.03,7080
I4243,Iran,0.16,0.23,0.12,0.05,0.03,0.02,0.39,0.02,3875
I4349,Iran,0.26,0.15,0.16,0.02,0.02,0.06,0.3,0.03,6915
I4351,Iran,0.31,0.12,0.16,0.02,0.02,0.08,0.26,0.03,7100
I8725,Iran,0.13,0.26,0.29,0.01,0,0.04,0.19,0.07,4300
I0507,Kazakhstan,0.05,0.27,0.04,0.08,0,0.01,0.45,0.09,3420
I11501,Kazakhstan,0,0.44,0.11,0.09,0.01,0.02,0.23,0.1,4495
I11531,Kazakhstan,0.02,0.44,0.09,0.1,0.01,0.02,0.21,0.11,4385
I11537,Kazakhstan,0.13,0.24,0.07,0.09,0.01,0.02,0.34,0.1,2455
I11538,Kazakhstan,0.14,0.24,0.05,0.1,0.02,0.01,0.42,0.02,3375
I11540,Kazakhstan,0.09,0.28,0.12,0.06,0,0.02,0.34,0.1,1825
I11541,Kazakhstan,0.13,0.3,0.04,0.1,0.02,0.02,0.36,0.03,3430
I11732,Kazakhstan,0.03,0.48,0.11,0.1,0.01,0.02,0.16,0.1,4365
I11734,Kazakhstan,0.03,0.46,0.09,0.14,0,0.02,0.14,0.12,4360
I11735,Kazakhstan,0.02,0.43,0.08,0.11,0.01,0.01,0.24,0.1,3885
I11736,Kazakhstan,0.03,0.38,0.09,0.08,0.02,0.01,0.35,0.04,4425
I11737,Kazakhstan,0.02,0.44,0.07,0.11,0.02,0.02,0.19,0.13,3710
I1931,Kazakhstan,0.06,0.26,0.1,0.09,0,0.01,0.43,0.04,3130
I3447,Kazakhstan,0.02,0.47,0.09,0.1,0,0.02,0.14,0.16,4075
I3451,Kazakhstan,0.1,0.21,0.06,0.06,0,0.01,0.34,0.22,2720
I3753,Kazakhstan,0.06,0.26,0.06,0.09,0.01,0.01,0.35,0.15,2860
I3763,Kazakhstan,0.06,0.27,0.1,0.09,0,0.01,0.33,0.13,3240
I3767,Kazakhstan,0.11,0.19,0.05,0.1,0.01,0.01,0.51,0.02,3430
I3770,Kazakhstan,0.09,0.23,0.06,0.09,0.01,0.01,0.44,0.05,3645
I3772,Kazakhstan,0.07,0.23,0.04,0.09,0.01,0.01,0.31,0.24,2810
I3788,Kazakhstan,0.12,0.29,0.04,0.1,0.01,0.01,0.38,0.05,3330
I3860,Kazakhstan,0,0.4,0.12,0.09,0.03,0.02,0.27,0.08,3365
I3861,Kazakhstan,0.15,0.19,0.04,0.1,0.03,0.01,0.42,0.06,3435
I3864,Kazakhstan,0.13,0.27,0.05,0.09,0.01,0.01,0.42,0.01,3345
I3976,Kazakhstan,0.06,0.24,0.08,0.09,0.02,0.02,0.34,0.15,2900
I3977,Kazakhstan,0.04,0.25,0.11,0.07,0.01,0.01,0.37,0.15,2885
I4262,Kazakhstan,0.12,0.21,0.05,0.1,0.02,0.01,0.47,0.02,3465
I4263,Kazakhstan,0.1,0.25,0.06,0.1,0.01,0.01,0.46,0.01,3415
I4264,Kazakhstan,0.13,0.22,0.05,0.1,0.03,0.01,0.45,0.01,3335
I4265,Kazakhstan,0.12,0.27,0.04,0.09,0,0.01,0.46,0.02,3310
I4267,Kazakhstan,0.08,0.26,0.08,0.09,0.02,0.02,0.37,0.09,2905
I4295,Kazakhstan,0.07,0.27,0.06,0.1,0.01,0.02,0.35,0.14,2935
I4318,Kazakhstan,0.15,0.25,0.03,0.1,0,0.02,0.41,0.04,3415
I4321,Kazakhstan,0.12,0.25,0.06,0.08,0.01,0.01,0.41,0.04,3310
I4322,Kazakhstan,0.13,0.22,0.08,0.09,0.01,0.01,0.41,0.04,3270
I4323,Kazakhstan,0.13,0.26,0.05,0.1,0.01,0.01,0.42,0.02,3385
I4566,Kazakhstan,0.05,0.3,0.05,0.1,0.01,0.02,0.35,0.14,3350
I4567,Kazakhstan,0.14,0.24,0.04,0.12,0,0.01,0.44,0.01,3390
I4568,Kazakhstan,0.18,0.25,0,0.1,0,0.01,0.44,0.02,3395
I4773,Kazakhstan,0.12,0.18,0.07,0.11,0.03,0.02,0.46,0.02,3290
I4774,Kazakhstan,0.12,0.21,0.06,0.08,0.02,0.01,0.47,0.02,3285
I4776,Kazakhstan,0.12,0.23,0.06,0.09,0,0.02,0.46,0.02,3415
I4778,Kazakhstan,0.16,0.24,0.05,0.1,0,0.02,0.42,0.01,3345
I4779,Kazakhstan,0.15,0.24,0.03,0.11,0.03,0.02,0.42,0.01,3395
I4780,Kazakhstan,0.13,0.38,0.06,0.1,0,0.01,0.21,0.12,3410
I4782,Kazakhstan,0.12,0.25,0.04,0.09,0,0.02,0.44,0.04,3370
I4783,Kazakhstan,0.11,0.25,0.06,0.09,0.03,0.02,0.43,0.02,3250
I4784,Kazakhstan,0.06,0.33,0.12,0.06,0,0.02,0.34,0.07,3290
I4787,Kazakhstan,0.08,0.27,0.06,0.1,0.01,0.01,0.44,0.02,3015
I4789,Kazakhstan,0.11,0.24,0.05,0.1,0.01,0.02,0.46,0.01,3270
I4790,Kazakhstan,0.11,0.24,0.05,0.1,0.02,0.02,0.43,0.03,3220
I6707,Kazakhstan,0.13,0.21,0.04,0.1,0.03,0.01,0.44,0.03,3230
I6708,Kazakhstan,0.02,0.4,0.06,0.08,0,0.02,0.09,0.33,3705
I6709,Kazakhstan,0.14,0.25,0.08,0.08,0.02,0.02,0.36,0.05,3025
I6788,Kazakhstan,0.18,0.26,0.04,0.13,0.03,0.01,0.35,0.01,3425
I6789,Kazakhstan,0.11,0.18,0.05,0.09,0.04,0.02,0.49,0.03,3455
I6790,Kazakhstan,0.14,0.19,0.04,0.09,0.04,0.01,0.48,0.01,3435
I6791,Kazakhstan,0.12,0.21,0.04,0.08,0.02,0.01,0.51,0,3425
I6792,Kazakhstan,0.09,0.24,0.05,0.09,0.02,0.01,0.45,0.05,3450
I6793,Kazakhstan,0.15,0.24,0.03,0.09,0.02,0.01,0.46,0.01,3395
I6794,Kazakhstan,0.14,0.2,0.03,0.09,0.02,0.01,0.48,0.02,3445
I6795,Kazakhstan,0.03,0.41,0.06,0.11,0,0.02,0.27,0.1,3405
I6796,Kazakhstan,0.15,0.21,0.05,0.09,0.03,0.02,0.46,0,3485
I6797,Kazakhstan,0.11,0.25,0.05,0.09,0,0.01,0.46,0.02,3435
I6799,Kazakhstan,0.06,0.27,0.06,0.1,0.02,0.02,0.42,0.04,3445
I6800,Kazakhstan,0.12,0.25,0.05,0.09,0,0.02,0.46,0.01,3415
I7060,Kazakhstan,0.09,0.25,0.07,0.1,0.03,0.01,0.44,0.03,3235
I11526,Kyrgyzstan,0.03,0.34,0.22,0.03,0,0.03,0.24,0.11,3735
I11527,Kyrgyzstan,0.03,0.33,0.2,0.03,0,0.03,0.28,0.1,3630
I10974,Pakistan,0.12,0.25,0.21,0.02,0,0.03,0.21,0.16,2800
I12138,Pakistan,0.1,0.25,0.16,0.04,0,0.03,0.3,0.11,2845
I12147,Pakistan,0.1,0.25,0.21,0.03,0,0.04,0.24,0.12,2910
I12450,Pakistan,0.08,0.24,0.23,0.03,0.01,0.04,0.21,0.16,2630
I12457,Pakistan,0.09,0.21,0.23,0.02,0.02,0.03,0.23,0.16,2830
I13226,Pakistan,0.1,0.21,0.21,0.03,0.01,0.05,0.21,0.18,2810
I1799,Pakistan,0.11,0.25,0.19,0.03,0,0.04,0.22,0.16,2830
I1805,Pakistan,0.11,0.18,0.17,0.03,0.02,0.04,0.31,0.14,310
I1985,Pakistan,0.1,0.21,0.18,0.03,0.02,0.04,0.25,0.16,2880
I1994,Pakistan,0.11,0.19,0.2,0,0.01,0.04,0.27,0.18,2800
I2959,Pakistan,0.15,0.18,0.18,0.04,0.03,0.03,0.26,0.13,905
I3260,Pakistan,0.11,0.25,0.21,0.03,0.01,0.04,0.21,0.15,2840
I3262,Pakistan,0.1,0.22,0.19,0.04,0.03,0.04,0.23,0.15,2760
I5396,Pakistan,0.11,0.23,0.18,0.03,0,0.05,0.23,0.15,2715
I5397,Pakistan,0.1,0.22,0.18,0.03,0.02,0.05,0.24,0.15,2750
I5400,Pakistan,0.09,0.2,0.19,0.03,0.02,0.05,0.25,0.16,2745
I6292,Pakistan,0.08,0.2,0.18,0.01,0.03,0.04,0.31,0.15,2675
I6545,Pakistan,0.15,0.23,0.21,0.03,0.03,0.04,0.17,0.13,2740
I6546,Pakistan,0.12,0.24,0.22,0.04,0.03,0.03,0.2,0.13,2760
I6549,Pakistan,0.11,0.2,0.21,0.04,0.03,0.05,0.19,0.18,2080
I6550,Pakistan,0.11,0.23,0.19,0.04,0.01,0.04,0.19,0.19,1990
I6552,Pakistan,0.11,0.18,0.22,0.02,0.04,0.04,0.21,0.17,2080
I6553,Pakistan,0.08,0.23,0.26,0.03,0.01,0.06,0.17,0.16,2755
I6554,Pakistan,0.1,0.25,0.19,0.04,0.01,0.05,0.21,0.15,2645
I6555,Pakistan,0.12,0.22,0.18,0.04,0.02,0.05,0.21,0.16,2720
I6556,Pakistan,0.11,0.26,0.2,0.02,0.01,0.05,0.21,0.14,2670
I6888,Pakistan,0.09,0.18,0.19,0.04,0.04,0.05,0.2,0.21,2620
I6889,Pakistan,0.11,0.21,0.17,0.03,0.01,0.04,0.27,0.15,640
I6890,Pakistan,0.1,0.2,0.16,0.03,0.01,0.04,0.28,0.17,960
I6891,Pakistan,0.11,0.22,0.18,0.03,0.02,0.05,0.22,0.18,2346
I6893,Pakistan,0.13,0.22,0.14,0.04,0.01,0.05,0.24,0.17,2210
I6896,Pakistan,0.09,0.17,0.17,0.04,0.01,0.05,0.27,0.19,2175
I6899,Pakistan,0.07,0.22,0.19,0.02,0.01,0.05,0.26,0.17,2785
I6900,Pakistan,0.11,0.23,0.19,0.03,0.02,0.04,0.22,0.17,3018
I7714,Pakistan,0.09,0.21,0.2,0.02,0.02,0.05,0.25,0.16,2005
I7715,Pakistan,0.1,0.22,0.15,0.02,0,0.04,0.28,0.18,670
I7716,Pakistan,0.12,0.21,0.16,0.02,0,0.04,0.33,0.12,835
I7717,Pakistan,0.09,0.2,0.19,0.02,0.02,0.05,0.24,0.2,2292
I8190,Pakistan,0.13,0.2,0.19,0.03,0.02,0.05,0.22,0.15,2760
I8193,Pakistan,0.12,0.25,0.2,0.03,0.02,0.04,0.19,0.16,2964
I8218,Pakistan,0.12,0.22,0.13,0.03,0.02,0.04,0.28,0.16,2010
I8219,Pakistan,0.1,0.22,0.19,0.03,0.01,0.05,0.17,0.23,2760
I8220,Pakistan,0.09,0.23,0.2,0.03,0.01,0.04,0.23,0.17,2460
I8245,Pakistan,0.1,0.18,0.16,0.04,0,0.05,0.26,0.2,2165
I8999,Pakistan,0.11,0.21,0.19,0.03,0.01,0.04,0.26,0.15,2725
I0244,Russia,0.03,0.4,0.1,0.09,0.02,0.02,0.27,0.07,3752
I0984,Russia,0.09,0.22,0.07,0.09,0,0.01,0.51,0.02,3572
I1017,Russia,0.01,0.47,0.11,0.09,0,0.02,0.2,0.1,3520
I1020,Russia,0.06,0.3,0.07,0.09,0.02,0.01,0.4,0.05,3555
I1027,Russia,0.13,0.21,0.02,0.08,0.03,0.02,0.51,0.01,3550
I1028,Russia,0.02,0.42,0.04,0.18,0,0.02,0.22,0.1,3440
I1029,Russia,0.09,0.22,0.04,0.06,0.01,0.01,0.53,0.03,3549
I1053,Russia,0.13,0.19,0.04,0.07,0.03,0.01,0.52,0.01,3520
I1054,Russia,0.12,0.21,0.04,0.09,0,0.01,0.51,0.02,3495
I1056,Russia,0.06,0.29,0.06,0.07,0.02,0.01,0.44,0.04,3475
I1057,Russia,0.07,0.27,0.06,0.1,0.01,0.02,0.44,0.03,3540
I1058,Russia,0.05,0.23,0.08,0.1,0.03,0.01,0.45,0.06,3500
I1064,Russia,0.1,0.21,0.04,0.1,0.03,0.01,0.49,0.02,3460
I11112,Russia,0.03,0.39,0.08,0.06,0.05,0.02,0.35,0.02,4271
I1821,Russia,0.11,0.22,0.04,0.08,0.02,0.02,0.45,0.05,3275
I1828,Russia,0.13,0.24,0.04,0.08,0,0.02,0.49,0,3270
I1829,Russia,0.05,0.37,0.08,0.09,0.05,0.01,0.32,0.02,4270
I1851,Russia,0.11,0.21,0.06,0.09,0.03,0.02,0.44,0.06,3255
I1852,Russia,0.14,0.22,0.04,0.08,0.02,0.01,0.46,0.02,3295
I1856,Russia,0.09,0.24,0.05,0.07,0.01,0.01,0.49,0.03,3330
I1960,Russia,0.01,0.5,0.05,0.16,0.01,0.02,0.11,0.14,7330
I2069,Russia,0.03,0.39,0.1,0.07,0.05,0.01,0.33,0.02,4430
I2071,Russia,0.03,0.39,0.09,0.07,0.03,0.01,0.36,0.02,4950
I3949,Russia,0.05,0.35,0.09,0.06,0.07,0.02,0.36,0,4075
I3950,Russia,0.05,0.39,0.1,0.08,0.04,0.01,0.31,0.02,4160
I3951,Russia,0.07,0.37,0.1,0.07,0.03,0.01,0.32,0.02,4165
I3952,Russia,0.05,0.41,0.11,0.08,0.01,0.01,0.3,0.02,4120
I3954,Russia,0.03,0.39,0.11,0.06,0.05,0.01,0.33,0.01,4140
I5269,Russia,0.04,0.36,0.09,0.06,0.04,0.01,0.36,0.03,4335
I5270,Russia,0.07,0.46,0.05,0.04,0,0.01,0.36,0.01,4435
I5271,Russia,0,0.34,0.12,0.06,0.02,0.02,0.41,0.03,4335
I5272,Russia,0.05,0.35,0.09,0.06,0.06,0.02,0.35,0.01,4305
I5273,Russia,0.06,0.39,0.09,0.07,0.01,0.02,0.33,0.03,4310
I5277,Russia,0.03,0.41,0.09,0.07,0.02,0.01,0.33,0.03,4375
I5278,Russia,0.04,0.37,0.12,0.06,0.03,0.01,0.35,0.02,4370
I5279,Russia,0.03,0.4,0.12,0.06,0.02,0.02,0.34,0.01,4330
I5766,Russia,0.01,0.48,0.05,0.17,0,0.01,0.11,0.16,5261
I6047,Russia,0.12,0.27,0.07,0.13,0.03,0.02,0.27,0.09,3025
I6294,Russia,0.02,0.37,0.09,0.08,0.04,0.01,0.37,0.02,4160
I6712,Russia,0.04,0.43,0.06,0.05,0.13,0.01,0.25,0.02,4095
I6714,Russia,0.06,0.36,0.08,0.08,0.03,0.01,0.36,0.02,4020
I6717,Russia,0.04,0.26,0.05,0.11,0,0.01,0.29,0.23,3160
I6718,Russia,0.11,0.25,0.04,0.06,0.01,0.01,0.51,0.01,3275
I7489,Russia,0.04,0.37,0.12,0.07,0.05,0.02,0.31,0.02,4430
I7670,Russia,0.01,0.36,0.09,0.07,0.02,0,0.39,0.05,3640
I7671,Russia,0.06,0.39,0.11,0.09,0.03,0.02,0.29,0.02,4185
I12292,Tajikistan,0.15,0.18,0.13,0.02,0,0.03,0.44,0.06,2075
I12294,Tajikistan,0.13,0.21,0.09,0.06,0,0.02,0.35,0.13,2038
I4257,Tajikistan,0.12,0.24,0.07,0.07,0.02,0.02,0.43,0.03,3215
I4258,Tajikistan,0.15,0.25,0.05,0.1,0.02,0.02,0.4,0.02,3285
I4910,Tajikistan,0.07,0.25,0.26,0,0.02,0.03,0.27,0.09,4765
I1781,Turkmenistan,0.18,0.2,0.23,0,0.02,0.03,0.26,0.07,3550
I1782,Turkmenistan,0.09,0.21,0.26,0.02,0.04,0.03,0.24,0.09,3785
I1783,Turkmenistan,0.06,0.34,0.17,0.04,0,0.02,0.28,0.09,3725
I1784,Turkmenistan,0.13,0.19,0.28,0.01,0.02,0.03,0.27,0.07,3720
I1788,Turkmenistan,0.14,0.16,0.28,0.02,0.02,0.04,0.27,0.08,3630
I1790,Turkmenistan,0.14,0.2,0.29,0.01,0.01,0.02,0.25,0.07,3660
I2085,Turkmenistan,0.17,0.16,0.26,0.01,0.02,0.02,0.3,0.07,3580
I2116,Turkmenistan,0.13,0.2,0.27,0.02,0,0.04,0.27,0.06,3605
I2121,Turkmenistan,0.11,0.19,0.31,0.01,0.03,0.03,0.28,0.03,3735
I2123,Turkmenistan,0.05,0.25,0.27,0.03,0.02,0.03,0.18,0.17,3815
I3374,Turkmenistan,0.1,0.22,0.29,0,0,0.03,0.27,0.07,3645
I4259,Turkmenistan,0.12,0.22,0.31,0.01,0.01,0.04,0.26,0.04,4425
I4634,Turkmenistan,0.08,0.23,0.34,0,0.01,0.04,0.23,0.07,4415
I6667,Turkmenistan,0.12,0.23,0.22,0.02,0.03,0.03,0.29,0.05,3170
I6669,Turkmenistan,0.12,0.25,0.28,0,0.01,0.04,0.23,0.06,4365
I6674,Turkmenistan,0.15,0.23,0.26,0,0,0.05,0.27,0.05,3775
I8502,Turkmenistan,0.08,0.26,0.33,0.03,0,0.04,0.21,0.05,4420
I8504,Turkmenistan,0.11,0.24,0.27,0,0.02,0.03,0.26,0.07,4400
I8510,Turkmenistan,0.08,0.27,0.31,0.02,0,0.03,0.23,0.07,4490
I8534,Turkmenistan,0.08,0.16,0.33,0.02,0.02,0.04,0.28,0.07,4300
I11027,Uzbekistan,0.15,0.21,0.25,0.02,0.01,0.03,0.27,0.06,3315
I11028,Uzbekistan,0.1,0.19,0.33,0.03,0.03,0.04,0.23,0.05,4445
I11520,Uzbekistan,0.06,0.21,0.21,0.02,0.01,0.04,0.26,0.19,3280
I12499,Uzbekistan,0.11,0.25,0.06,0.11,0.01,0.01,0.42,0.03,3145
I4163,Uzbekistan,0.1,0.22,0.28,0.02,0.01,0.04,0.26,0.06,3250
I4285,Uzbekistan,0.16,0.16,0.27,0,0,0.03,0.3,0.07,3430
I4286,Uzbekistan,0.12,0.21,0.28,0.01,0,0.04,0.28,0.06,3500
I4289,Uzbekistan,0.17,0.21,0.26,0.01,0.01,0.03,0.23,0.07,3525
I4312,Uzbekistan,0.18,0.24,0.27,0.01,0.01,0.03,0.21,0.05,3370
I4313,Uzbekistan,0.16,0.21,0.22,0.01,0.02,0.03,0.29,0.06,3210
I4315,Uzbekistan,0.15,0.21,0.27,0.02,0.01,0.04,0.23,0.08,3255
I5604,Uzbekistan,0.11,0.18,0.25,0.01,0.04,0.04,0.3,0.08,3465
I7411,Uzbekistan,0.13,0.22,0.23,0.02,0,0.04,0.28,0.09,3335
I7412,Uzbekistan,0.15,0.19,0.25,0.02,0.02,0.04,0.24,0.08,3405
I7414,Uzbekistan,0.12,0.21,0.24,0,0.01,0.04,0.29,0.08,3615
I7416,Uzbekistan,0.13,0.18,0.23,0.01,0.02,0.04,0.31,0.07,3545
I7419,Uzbekistan,0.13,0.19,0.23,0.01,0.03,0.04,0.3,0.07,3475
I7421,Uzbekistan,0.12,0.19,0.24,0.01,0.02,0.04,0.32,0.06,3525
I7492,Uzbekistan,0.11,0.19,0.25,0,0.01,0.04,0.32,0.08,3560
I7494,Uzbekistan,0.18,0.14,0.22,0.01,0.02,0.05,0.31,0.08,3575
I7495,Uzbekistan,0.15,0.19,0.23,0.01,0.02,0.04,0.28,0.07,3560
I7542,Uzbekistan,0.17,0.25,0.26,0.01,0.01,0.04,0.21,0.05,3495
I8506,Uzbekistan,0.12,0.24,0.09,0.08,0,0.02,0.43,0.02,3375
ARS008,Mongolia,0.00001,0.00001,0.00001,0.00001,0.00001,0.00001,0.340407,0.659533,3222
ARS026,Mongolia,0.00001,0.00001,0.00001,0.00001,0.00001,0.001383,0.651063,0.347504,3012
Bon004,Turkey,0.383394,0.025988,0.008477,0.050023,0.00001,0.045474,0.46675,0.019883,9952
Botai14,Kazakhstan,0.00001,0.271099,0.00001,0.091641,0.00001,0.00001,0.508729,0.128491,5312.5
Chaudardes1,France,0.055912,0.013496,0.00001,0.519019,0.023867,0.099173,0.288513,0.00001,8255
DA101,Kyrgyzstan,0.00001,0.00756,0.011204,0.019766,0.00001,0.00001,0.781988,0.179452,1763
DA221,Kazakhstan,0.00001,0.065619,0.00001,0.00001,0.00001,0.00001,0.753771,0.180561,2769
DA223,Kazakhstan,0.00001,0.002631,0.00001,0.00001,0.001764,0.00001,0.896604,0.098961,2389
DA38,Mongolia,0.00001,0.00001,0.00001,0.000011,0.00001,0.00001,0.742521,0.257418,2175
DA382,Turkmenistan,0.00001,0.079708,0.00001,0.00001,0.00001,0.00001,0.890296,0.029946,2855
DA39,Mongolia,0.00001,0.00001,0.006727,0.00001,0.00001,0.00001,0.244954,0.748269,1998
DA45,Mongolia,0.00001,0.00001,0.00001,0.00001,0.00001,0.00001,0.116458,0.883482,2145
E09537_d,Germany,0.160123,0.247431,0.070209,0.090304,0.00296,0.016279,0.379426,0.033268,4385
EHU001,Spain,0.236035,0.14984,0.006717,0.091273,0.00001,0.011678,0.491589,0.012858,4165.5
EHU002,Spain,0.191668,0.041622,0.005133,0.095301,0.02905,0.016957,0.605941,0.014328,4434
gun011,Spain,0.077049,0.00001,0.003406,0.00001,0.00001,0.003451,0.916054,0.00001,1209
I0257,Spain,0.386639,0.00001,0.00001,0.086811,0.016529,0.011502,0.498489,0.00001,4460
I0627,Vietnam,0.140186,0.106843,0.02521,0.030211,0.00001,0.025358,0.00001,0.672172,4013
I0704,Bulgaria,0.480186,0.029455,0.00001,0.00001,0.00001,0.020744,0.469576,0.00001,7939
I0785,Bulgaria,0.419785,0.038578,0.00001,0.00366,0.00001,0.020271,0.503501,0.014185,6407
I0826,Spain,0.330441,0.00001,0.00001,0.100337,0.00001,0.010913,0.548807,0.009473,4658
I0839,Portugal,0.315473,0.021693,0.00001,0.069343,0.031797,0.022173,0.539502,0.00001,4331.5
I0843,Spain,0.050593,0.014665,0.00001,0.564016,0.011444,0.024874,0.29444,0.039959,7903
I10852,Spain,0.262005,0.044588,0.003637,0.07047,0.007993,0.033916,0.559424,0.017967,938.5
I10853,Spain,0.30863,0.062025,0.00001,0.044843,0.00001,0.022379,0.546012,0.016091,929
I10866,Spain,0.226057,0.097362,0.005164,0.095517,0.00001,0.075506,0.484739,0.015646,1996
I10895,Spain,0.245433,0.078314,0.00001,0.067573,0.010984,0.032484,0.529647,0.035555,1121
I10897,Spain,0.228893,0.121653,0.00001,0.092712,0.018502,0.020356,0.499901,0.017974,881.5
I11301,Spain,0.315061,0.00001,0.001665,0.143396,0.011023,0.015793,0.499818,0.013234,5185.5
I1137,Vietnam,0.123775,0.053873,0.057677,0.033785,0.004832,0.03664,0.00001,0.689407,3813
I12410,Spain,0.273502,0.058771,0.00001,0.097033,0.022327,0.020811,0.509977,0.017569,2445
I12514,Spain,0.255455,0.066966,0.00001,0.057381,0.00001,0.046793,0.546873,0.026513,912.5
I12516,Spain,0.233498,0.067153,0.021726,0.054116,0.00001,0.05105,0.559048,0.013399,991.5
I12878,Spain,0.258498,0.04215,0.00001,0.105625,0.026665,0.016333,0.518899,0.03182,2436.5
I12879,Spain,0.208799,0.053156,0.004736,0.091174,0.002772,0.011354,0.599489,0.028519,2562.5
I1298,Bulgaria,0.526933,0.00001,0.011836,0.01554,0.002841,0.011133,0.431696,0.00001,7935
I1389,France,0.208842,0.180027,0.046616,0.079391,0.097195,0.016871,0.365591,0.005466,4373
I1594,Germany,0.198107,0.050303,0.00001,0.311219,0.00001,0.01945,0.402941,0.017961,5181
I1836,Spain,0.273353,0.098691,0.00001,0.099554,0.00001,0.014149,0.510726,0.003507,3593.5
I1840,Spain,0.250064,0.05438,0.00001,0.124531,0.00001,0.013416,0.545028,0.012561,3557
I1955,Iran,0.226111,0.129367,0.141002,0.021404,0.022549,0.038655,0.36537,0.055542,543
I1975,Spain,0.404326,0.050466,0.00001,0.102521,0.00001,0.016991,0.425666,0.00001,4992
I1976,Spain,0.330055,0.032426,0.00001,0.115421,0.00001,0.017124,0.490381,0.014573,4459
I1977,Spain,0.231792,0.010218,0.002378,0.131095,0.042798,0.022244,0.528802,0.030673,3557
I1981,Spain,0.328454,0.044488,0.022003,0.164416,0.014916,0.022208,0.40256,0.000956,4953
I2405,Poland,0.326953,0.00001,0.00001,0.115038,0.00001,0.010266,0.547703,0.00001,5178
I2446,UnitedKingdom,0.135923,0.167471,0.051065,0.126608,0.00001,0.004868,0.514044,0.00001,4297
I2455,UnitedKingdom,0.152647,0.213736,0.051654,0.096055,0.00001,0.008089,0.477798,0.00001,4018
I2467,Spain,0.376883,0.00001,0.013906,0.174802,0.02285,0.00001,0.39428,0.017259,4347
I2469,Spain,0.254648,0.020887,0.00001,0.113325,0.036845,0.042829,0.511401,0.020055,2875
I2470,Spain,0.333793,0.066905,0.00001,0.103447,0.016288,0.02542,0.453604,0.000532,3321
I2471,Spain,0.318324,0.07727,0.00001,0.108648,0.023077,0.02644,0.43794,0.00829,3563.5
I2472,Spain,0.295919,0.055198,0.00001,0.100333,0.039949,0.014646,0.464014,0.029932,3515
I2473,Spain,0.324007,0.00001,0.00001,0.127631,0.024823,0.007339,0.502241,0.01394,4815
I3323,Spain,0.308932,0.055299,0.00001,0.112053,0.016367,0.016618,0.466544,0.024178,2284.5
I3324,Spain,0.262276,0.110148,0.00001,0.098847,0.00001,0.012224,0.516476,0.00001,2276.5
I3432,Portugal,0.38631,0.01829,0.004598,0.112571,0.00001,0.022491,0.448435,0.007296,4995.5
I3487,Spain,0.239989,0.034545,0.00001,0.079919,0.041442,0.010434,0.584755,0.008906,3675.5
I3493,Spain,0.3261,0.047392,0.00001,0.112526,0.035397,0.011489,0.431146,0.03594,3351.5
I3494,Spain,0.289425,0.044084,0.00705,0.104312,0.00001,0.017494,0.525845,0.011781,3836.5
I3576,Spain,0.304157,0.05162,0.00001,0.042682,0.020269,0.062616,0.492329,0.026316,1527
I3585,Spain,0.286181,0.071656,0.018599,0.074967,0.00001,0.050041,0.476384,0.022161,1228.5
I3716,Ukraine,0.068117,0.331621,0.016354,0.378491,0.00001,0.015982,0.175765,0.01366,7399
I3756,Spain,0.304421,0.054735,0.00001,0.105525,0.00001,0.016709,0.498065,0.020525,3897.5
I3758,Spain,0.249553,0.12123,0.005998,0.09841,0.010809,0.012147,0.497256,0.004596,2284.5
I3759,Spain,0.254142,0.091919,0.011505,0.084508,0.021552,0.012489,0.505601,0.018285,2278
I3980,Spain,0.336681,0.056032,0.00001,0.027025,0.029751,0.104287,0.43819,0.008023,1483.5
I3983,Spain,0.304401,0.075482,0.033868,0.056665,0.01191,0.066557,0.438467,0.012649,1654
I3997,Spain,0.254602,0.024777,0.0017,0.109116,0.018041,0.023596,0.559708,0.00846,3741
I4246,Spain,0.355603,0.023207,0.00001,0.037149,0.01788,0.204596,0.326745,0.03481,4251.5
I4562,Spain,0.275523,0.078027,0.007537,0.122298,0.00001,0.021644,0.484189,0.010772,3680.5
I4565,Spain,0.296869,0.00001,0.00001,0.096563,0.009831,0.017809,0.565235,0.013674,4964.5
I5076,Portugal,0.342066,0.025787,0.00001,0.09788,0.00001,0.027501,0.4917,0.015045,5180.5
I5429,Portugal,0.342861,0.020122,0.00001,0.10516,0.004283,0.023535,0.488049,0.015979,4948.5
I5872,Ukraine,0.054725,0.25269,0.00001,0.368173,0.00001,0.005617,0.294208,0.024567,7432
I5892,Ukraine,0.06078,0.278091,0.00001,0.363516,0.013664,0.016452,0.267478,0.00001,7142
I6470,Spain,0.2616,0.068993,0.00001,0.110733,0.006389,0.016393,0.519952,0.01593,3651
I6608,Spain,0.406198,0.000013,0.009539,0.130208,0.016878,0.007167,0.429988,0.00001,3894
I6618,Spain,0.2793,0.04228,0.00001,0.074525,0.020334,0.019086,0.551866,0.0126,3786
I7162,Spain,0.292896,0.055673,0.00001,0.08251,0.003467,0.044755,0.511563,0.009126,3814.5
I7594,Spain,0.294389,0.030655,0.00001,0.059775,0.014758,0.017262,0.562012,0.02114,5444.5
I7598,Spain,0.341145,0.008283,0.00371,0.086595,0.00001,0.01851,0.5348,0.006947,5500
I7601,Spain,0.326209,0.004544,0.00001,0.094837,0.009145,0.004959,0.547758,0.012538,5590
I7642,Spain,0.344647,0.004067,0.00001,0.085361,0.006736,0.028136,0.518542,0.0125,4834
I7643,Spain,0.396282,0.008283,0.00001,0.08312,0.00001,0.023909,0.468158,0.020228,5835
I7644,Spain,0.332456,0.00001,0.00001,0.091656,0.005429,0.027961,0.531298,0.011181,5510
I7646,Spain,0.301515,0.018617,0.017251,0.052679,0.012453,0.039078,0.551069,0.007338,5670
I8131,Spain,0.32469,0.00001,0.00001,0.111056,0.017541,0.023901,0.507716,0.015075,4517.5
I8136,Spain,0.290666,0.055095,0.00001,0.081348,0.0066,0.024984,0.518692,0.022605,3512
I8144,Spain,0.278239,0.124729,0.015984,0.050001,0.00001,0.006126,0.524901,0.00001,3756.5
I8208,Spain,0.332886,0.057551,0.031551,0.00001,0.00001,0.021511,0.533719,0.022761,2287
I8568,Spain,0.331345,0.004779,0.00001,0.079939,0.00001,0.016007,0.550973,0.016938,5426
I8569,Spain,0.340758,0.011143,0.00001,0.0924,0.000515,0.020018,0.522172,0.012984,4748.5
Kivutkalns164,Latvia,0.198743,0.142776,0.014374,0.187412,0.044449,0.014888,0.376616,0.020741,2560
LD1174,Portugal,0.00001,0.00001,0.00001,0.00001,0.00001,0.001548,0.998392,0.00001,4517
LD270,Portugal,0.00002,0.00001,0.00001,0.00001,0.00001,0.00001,0.99992,0.00001,4441
LU339,Spain,0.000011,0.00001,0.00001,0.001119,0.00001,0.00001,0.998821,0.00001,4944
MUR,Spain,0.046167,0.00001,0.00001,0.00001,0.00001,0.00001,0.953773,0.00001,7185
N17,Poland,0.00001,0.00001,0.00001,0.00001,0.00001,0.00001,0.99993,0.00001,3895.5
N18,Poland,0.043526,0.00001,0.00001,0.000011,0.00001,0.00166,0.954764,0.00001,5512.5
N26,Poland,0.026069,0.004983,0.00001,0.00001,0.00001,0.002487,0.966421,0.00001,6201
N31,Poland,0.060601,0.00001,0.00001,0.00001,0.00001,0.00001,0.939339,0.00001,6187.5
N44,Poland,0.00001,0.172869,0.00001,0.00001,0.00001,0.003585,0.823496,0.00001,4455
N45,Poland,0.00001,0.00001,0.00001,0.006883,0.029156,0.00001,0.963911,0.00001,4455
N47,Poland,0.006499,0.00001,0.00001,0.094954,0.00001,0.00001,0.898497,0.00001,4455
N49,Poland,0.00001,0.00001,0.008054,0.096449,0.00001,0.00001,0.895447,0.00001,4455
RISE1159,Poland,0.015563,0.00001,0.00001,0.00001,0.00001,0.00001,0.984377,0.00001,4230
RISE1162,Poland,0.00001,0.00001,0.00001,0.00001,0.00001,0.00001,0.99993,0.00001,4280
RISE1163,Poland,0.019233,0.00001,0.00001,0.00001,0.00001,0.001154,0.979563,0.00001,4246
RISE1170,Poland,0.03538,0.00001,0.00001,0.00001,0.00001,0.00001,0.96456,0.00001,4263
RISE1173,Poland,0.025127,0.00001,0.00001,0.01922,0.00001,0.001876,0.953738,0.00001,4149
RISE674,Russia,0.00001,0.160577,0.00001,0.00001,0.00001,0.00001,0.45508,0.384293,4128.5
RISE683,Russia,0.00001,0.249974,0.00001,0.036499,0.00001,0.002189,0.434751,0.276557,4026.5
sf9,Sweden,0.004196,0.184031,0.00001,0.491538,0.00001,0.003546,0.306101,0.010568,9194
Sidelkino,Russia,0.00001,0.297313,0.00001,0.253531,0.00001,0.00001,0.449106,0.00001,11308.5
STT-A2,Iceland,0.00001,0.00001,0.00001,0.00001,0.00001,0.000816,0.999124,0.00001,1005
sunghir6,Russia,0.00001,0.00001,0.00001,0.00001,0.00001,0.001144,0.998796,0.00001,840
Turlojiske1932,Lithuania,0.10998,0.150961,0.04495,0.161043,0.00001,0.00001,0.533036,0.00001,3075
VAD001,Spain,0.249922,0.056517,0.006869,0.088086,0.021582,0.014697,0.546517,0.015811,3741.5
VAD002,Spain,0.270688,0.059214,0.00001,0.128509,0.01292,0.019723,0.445502,0.063434,3608.5
VAD005,Spain,0.279971,0.076202,0.00001,0.118601,0.007196,0.015115,0.488106,0.014799,3644
ALA001,Turkey,0.36,0.08,0.08,0.00,0.01,0.03,0.40,0.04,3360.5
ALA002,Turkey,0.35,0.06,0.07,0.01,0.02,0.03,0.40,0.05,3398.5
ALA004,Turkey,0.34,0.09,0.11,0.01,0.00,0.03,0.39,0.03,3773.5
ALA008,Turkey,0.32,0.06,0.09,0.01,0.01,0.03,0.45,0.04,3740.5
ALA009,Turkey,0.13,0.13,0.01,0.10,0.02,0.00,0.58,0.04,3699
ALA011,Turkey,0.32,0.07,0.11,0.01,0.00,0.02,0.44,0.03,3632.5
ALA013,Turkey,0.31,0.08,0.07,0.00,0.01,0.04,0.45,0.04,3735.5
ALA014,Turkey,0.34,0.04,0.10,0.00,0.02,0.04,0.42,0.03,3636.5
ALA015,Turkey,0.33,0.09,0.13,0.01,0.01,0.03,0.38,0.03,3847.5
ALA016,Turkey,0.39,0.08,0.10,0.01,0.01,0.04,0.34,0.02,3511.5
ALA017,Turkey,0.42,0.07,0.09,0.00,0.00,0.04,0.35,0.03,3490
ALA018,Turkey,0.30,0.09,0.12,0.00,0.02,0.03,0.40,0.04,3361.5
ALA019,Turkey,0.12,0.22,0.24,0.01,0.02,0.03,0.26,0.10,3518
ALA020,Turkey,0.33,0.10,0.11,0.00,0.02,0.02,0.39,0.03,3398.5
ALA023,Turkey,0.43,0.03,0.11,0.04,0.04,0.03,0.31,0.02,3792
ALA024,Turkey,0.39,0.04,0.18,0.00,0.05,0.03,0.30,0.00,3895
ALA025,Turkey,0.34,0.08,0.08,0.00,0.01,0.03,0.41,0.04,3731.5
ALA026,Turkey,0.31,0.06,0.09,0.01,0.01,0.03,0.45,0.03,3636
ALA028,Turkey,0.34,0.09,0.09,0.01,0.00,0.03,0.42,0.03,3721.5
ALA029,Turkey,0.37,0.06,0.08,0.01,0.01,0.03,0.41,0.03,3737.5
ALA030,Turkey,0.34,0.09,0.08,0.01,0.02,0.02,0.43,0.02,3484.5
ALA034,Turkey,0.32,0.07,0.10,0.01,0.02,0.04,0.41,0.04,3720
ALA035,Turkey,0.33,0.08,0.13,0.01,0.02,0.04,0.37,0.02,3811
ALA037,Turkey,0.38,0.07,0.07,0.00,0.00,0.04,0.42,0.03,3741.5
ALA038,Turkey,0.33,0.11,0.14,0.00,0.00,0.02,0.37,0.03,3487
ALA039,Turkey,0.31,0.11,0.10,0.01,0.00,0.04,0.41,0.02,3325.5
ALA084,Turkey,0.35,0.12,0.15,0.02,0.01,0.05,0.30,0.00,3841.5
ALA095,Turkey,0.38,0.09,0.09,0.01,0.00,0.04,0.37,0.03,3784.5
ALX002,Azerbaijan,0.33,0.11,0.13,0.00,0.02,0.02,0.38,0.02,5668.5
ART001,Turkey,0.38,0.08,0.09,0.01,0.01,0.04,0.38,0.02,4335.5
ART004,Turkey,0.34,0.08,0.17,0.01,0.02,0.02,0.26,0.10,5650
ART005,Turkey,0.44,0.05,0.05,0.00,0.02,0.03,0.38,0.03,5662
ART009,Turkey,0.30,0.08,0.09,0.00,0.01,0.03,0.47,0.03,4615.5
ART010,Turkey,0.34,0.11,0.10,0.01,0.02,0.03,0.39,0.01,4631
ART011,Turkey,0.33,0.09,0.13,0.00,0.01,0.03,0.39,0.03,4667
ART012,Turkey,0.37,0.08,0.06,0.00,0.00,0.03,0.43,0.02,5134.5
ART014,Turkey,0.37,0.07,0.07,0.02,0.00,0.03,0.41,0.02,5255.5
ART015,Turkey,0.35,0.09,0.07,0.01,0.00,0.02,0.43,0.03,5189.5
ART017,Turkey,0.38,0.10,0.09,0.00,0.00,0.04,0.38,0.02,5177
ART018,Turkey,0.28,0.13,0.12,0.01,0.01,0.02,0.40,0.03,5256.5
ART019,Turkey,0.38,0.11,0.11,0.00,0.00,0.04,0.33,0.03,5377
ART020,Turkey,0.32,0.08,0.09,0.01,0.02,0.03,0.42,0.03,5183.5
ART027,Turkey,0.34,0.13,0.10,0.01,0.00,0.02,0.36,0.04,5186.5
ART022,Turkey,0.38,0.08,0.06,0.01,0.01,0.03,0.42,0.01,5339.5
ART023,Turkey,0.36,0.05,0.13,0.00,0.02,0.02,0.40,0.02,5251.5
ART024,Turkey,0.38,0.07,0.10,0.01,0.01,0.02,0.38,0.03,5374.5
ART026,Turkey,0.34,0.11,0.09,0.01,0.01,0.02,0.39,0.03,5168
ART032,Turkey,0.31,0.08,0.11,0.00,0.02,0.02,0.44,0.02,5254
ART038,Turkey,0.34,0.03,0.09,0.00,0.02,0.02,0.47,0.02,5183
ART039,Turkey,0.30,0.04,0.11,0.02,0.03,0.01,0.46,0.02,5654
ART042,Turkey,0.33,0.06,0.08,0.01,0.01,0.03,0.46,0.03,5774.5
CBT001,Turkey,0.36,0.04,0.07,0.01,0.02,0.02,0.47,0.03,5455
CBT002,Turkey,0.37,0.08,0.07,0.01,0.01,0.02,0.41,0.02,5538
CBT004,Turkey,0.34,0.06,0.07,0.01,0.01,0.02,0.45,0.04,5528
CBT005,Turkey,0.34,0.07,0.07,0.00,0.00,0.02,0.48,0.02,5452.5
CBT013,Turkey,0.36,0.06,0.07,0.00,0.03,0.01,0.44,0.03,5534
CBT014,Turkey,0.34,0.07,0.05,0.00,0.00,0.02,0.48,0.03,5462
CBT015,Turkey,0.34,0.07,0.08,0.00,0.00,0.03,0.44,0.03,5532
CBT016,Turkey,0.37,0.08,0.03,0.01,0.01,0.02,0.44,0.04,5559.5
CBT018,Turkey,0.40,0.09,0.03,0.00,0.00,0.03,0.43,0.01,7519.5
ETM012,Syria,0.35,0.07,0.10,0.00,0.01,0.04,0.41,0.03,4522
ETM016,Syria,0.36,0.12,0.07,0.00,0.01,0.03,0.36,0.04,3911
ETM018,Syria,0.30,0.00,0.10,0.00,0.02,0.07,0.50,0.02,3999.5
IKI002,Turkey,0.32,0.08,0.11,0.04,0.00,0.01,0.43,0.02,5166.5
IKI009,Turkey,0.37,0.15,0.08,0.00,0.00,0.03,0.33,0.04,5190.5
IKI012,Turkey,0.35,0.10,0.09,0.01,0.00,0.02,0.38,0.04,5193
IKI016,Turkey,0.39,0.14,0.06,0.00,0.00,0.02,0.36,0.03,5394.5
IKI017,Turkey,0.36,0.05,0.11,0.00,0.05,0.03,0.40,0.00,5259
IKI024,Turkey,0.46,0.13,0.05,0.00,0.00,0.01,0.35,0.01,5828.5
IKI030,Turkey,0.39,0.13,0.00,0.00,0.03,0.03,0.41,0.00,5384.5
IKI034,Turkey,0.35,0.13,0.05,0.01,0.00,0.02,0.41,0.03,5376
IKI036,Turkey,0.36,0.13,0.01,0.00,0.02,0.04,0.40,0.05,5450.5
IKI037,Turkey,0.38,0.06,0.09,0.01,0.00,0.01,0.43,0.02,5458.5
IKI038,Turkey,0.39,0.15,0.00,0.00,0.05,0.02,0.39,0.01,5457
KRD001,Turkey,0.50,0.02,0.00,0.00,0.01,0.02,0.42,0.02,7630
KRD002,Turkey,0.44,0.09,0.01,0.00,0.00,0.04,0.40,0.01,6877
KRD003,Turkey,0.51,0.03,0.00,0.01,0.01,0.03,0.39,0.01,7614
KRD004,Turkey,0.44,0.04,0.02,0.03,0.00,0.04,0.39,0.02,7623
KRD005,Turkey,0.46,0.04,0.00,0.02,0.00,0.02,0.42,0.03,7660
MTT001,Azerbaijan,0.36,0.11,0.09,0.01,0.02,0.02,0.36,0.03,7636.5
POT002,Azerbaijan,0.31,0.11,0.19,0.00,0.02,0.03,0.32,0.02,7390.5
TIT021,Turkey,0.37,0.04,0.15,0.00,0.00,0.04,0.38,0.03,4186
CBT003,Turkey,0.38,0.10,0.03,0.00,0.00,0.03,0.42,0.04,5450
CBT010,Turkey,0.36,0.08,0.06,0.00,0.00,0.03,0.45,0.02,5480
CBT011,Turkey,0.34,0.07,0.06,0.00,0.02,0.02,0.46,0.03,5480
CBT017,Turkey,0.36,0.03,0.05,0.00,0.01,0.02,0.50,0.03,5480
ETM001,Syria,0.32,0.12,0.10,0.01,0.00,0.02,0.39,0.04,3950
ETM003,Syria,0.08,0.00,0.02,0.10,0.54,0.00,0.00,0.26,2817.5
ETM004,Syria,0.38,0.06,0.14,0.03,0.00,0.02,0.31,0.05,3850
ETM005,Syria,0.34,0.12,0.11,0.01,0.00,0.04,0.35,0.03,3850
ETM006,Syria,0.38,0.09,0.11,0.01,0.03,0.03,0.33,0.02,3850
ETM010,Syria,0.33,0.09,0.10,0.01,0.03,0.07,0.34,0.03,4550
ETM014,Syria,0.34,0.08,0.09,0.01,0.01,0.03,0.41,0.04,3850
ETM015,Syria,0.31,0.00,0.16,0.00,0.04,0.00,0.47,0.02,3850
ETM017,Syria,0.10,0.00,0.00,0.00,0.00,0.00,0.54,0.36,3850
ETM021,Syria,0.00,0.00,0.27,0.01,0.16,0.22,0.30,0.03,3800
ETM023,Syria,0.30,0.07,0.14,0.02,0.02,0.04,0.39,0.02,4275
ETM025,Syria,0.00,0.00,0.00,0.32,0.31,0.26,0.00,0.11,3800
ETM026,Syria,0.36,0.07,0.09,0.01,0.03,0.03,0.36,0.03,3850
IKI006,Turkey,0.37,0.05,0.13,0.00,0.00,0.00,0.38,0.06,5250
IKI019,Turkey,0.34,0.06,0.02,0.00,0.00,0.00,0.48,0.09,5250
IKI020,Turkey,0.33,0.00,0.13,0.00,0.01,0.05,0.48,0.00,5250
IKI032,Turkey,0.46,0.00,0.00,0.15,0.00,0.00,0.30,0.08,5250
KRD006,Turkey,0.44,0.03,0.02,0.00,0.00,0.03,0.46,0.03,7550
TIT003,Turkey,0.31,0.00,0.00,0.00,0.12,0.00,0.53,0.03,4250
TIT012,Turkey,0.34,0.05,0.00,0.00,0.01,0.05,0.50,0.05,4250
TIT014,Turkey,0.46,0.16,0.00,0.00,0.00,0.00,0.38,0.00,4250
TIT015,Turkey,0.38,0.00,0.00,0.17,0.00,0.00,0.40,0.05,4250
TIT019,Turkey,0.42,0.37,0.00,0.01,0.00,0.02,0.10,0.08,4250
TIT025,Turkey,0.43,0.05,0.03,0.00,0.00,0.00,0.48,0.01,4250
